,,,,,,,,,,,
Data_Type,Sample_name,Sample_id,Genotype (RIL_ID),Generation,Lineage,Sublineage,File_Name_Processed,Raw_File_Name_R1,Raw_File_Name_R2,Raw_File2_Name_R1,Raw_File2_Name_R2
WGBS,Ler_G02_L01_3,Ler_G02_L01_3_S85_L002,Ler (Parental),2,1,3,methylome_Ler_G02_L01_3_All.txt,Ler_G02_L01_3_S85_L002_1.fastq.gz,Ler_G02_L01_3_S85_L002_2.fastq.gz,,
WGBS,Ler_G02_L01_4,Ler_G02_L01_4_S51_L001,Ler (Parental),2,1,4,methylome_Ler_G02_L01_4_All.txt,Ler_G02_L01_4_S51_L001_1.fastq.gz,Ler_G02_L01_4_S51_L001_2.fastq.gz,,
WGBS,Ler_G02_L02_4,Ler_G02_L02_4_S62_L001,Ler (Parental),2,2,4,methylome_Ler_G02_L02_4_All.txt,Ler_G02_L02_4_S62_L001_1.fastq.gz,Ler_G02_L02_4_S62_L001_2.fastq.gz,,
WGBS,Ler_G09_L01_1,Ler_G09_L01_1_S115_L002,Ler (Parental),9,1,1,methylome_Ler_G09_L01_1_All.txt,Ler_G09_L01_1_S115_L002_1.fastq.gz,Ler_G09_L01_1_S115_L002_2.fastq.gz,,
WGBS,Ler_G09_L01_2,Ler_G09_L01_2_S133_L002,Ler (Parental),9,1,2,methylome_Ler_G09_L01_2_All.txt,Ler_G09_L01_2_S133_L002_1.fastq.gz,Ler_G09_L01_2_S133_L002_2.fastq.gz,,
WGBS,Ler_G09_L02_1,Ler_G09_L02_1_S63_L001,Ler (Parental),9,2,1,methylome_Ler_G09_L02_1_All.txt,Ler_G09_L02_1_S63_L001_1.fastq.gz,Ler_G09_L02_1_S63_L001_2.fastq.gz,,
WGBS,Ler_G09_L02_2,Ler_G09_L02_2_S118_L002,Ler (Parental),9,2,2,methylome_Ler_G09_L02_2_All.txt,Ler_G09_L02_2_S118_L002_1.fastq.gz,Ler_G09_L02_2_S118_L002_2.fastq.gz,,
WGBS,Cvi_G02_L01_4,Cvi_G02_L01_4_S91_L003,Cvi (Parental),2,1,4,methylome_Cvi_G02_L01_4_All.txt,Cvi_G02_L01_4_S91_L003_1.fastq.gz,Cvi_G02_L01_4_S91_L003_2.fastq.gz,,
WGBS,Cvi_G02_L02_3,Cvi_G02_L02_3_S73_L002,Cvi (Parental),2,2,3,methylome_Cvi_G02_L02_3_All.txt,Cvi_G02_L02_3_S73_L002_1.fastq.gz,Cvi_G02_L02_3_S73_L002_2.fastq.gz,,
WGBS,Cvi_G02_L02_4,Cvi_G02_L02_4_S82_L002,Cvi (Parental),2,2,4,methylome_Cvi_G02_L02_4_All.txt,Cvi_G02_L02_4_S82_L002_1.fastq.gz,Cvi_G02_L02_4_S82_L002_2.fastq.gz,,
WGBS,Cvi_G09_L01_2,Cvi_G09_L01_2_S83_L002,Cvi (Parental),9,1,2,methylome_Cvi_G09_L01_2_All.txt,Cvi_G09_L01_2_S83_L002_1.fastq.gz,Cvi_G09_L01_2_S83_L002_2.fastq.gz,,
WGBS,RIL4_G02_L01_3,RIL4_G02_L01_3_S209_L004,RIL4,2,1,3,methylome_RIL4_G02_L01_3_All.txt,RIL4_G02_L01_3_S209_L004_1.fastq.gz,RIL4_G02_L01_3_S209_L004_2.fastq.gz,,
WGBS,RIL4_G02_L01_4,RIL4_G02_L01_4_S81_L002,RIL4,2,1,4,methylome_RIL4_G02_L01_4_All.txt,RIL4_G02_L01_4_S81_L002_1.fastq.gz,RIL4_G02_L01_4_S81_L002_2.fastq.gz,,
WGBS,RIL4_G09_L01_1,RIL4_G09_L01_1_S109_L002,RIL4,9,1,1,methylome_RIL4_G09_L01_1_All.txt,RIL4_G09_L01_1_S109_L002_1.fastq.gz,RIL4_G09_L01_1_S109_L002_2.fastq.gz,,
WGBS,RIL4_G09_L01_2,RIL4_G09_L01_2_S53_L002,RIL4,9,1,2,methylome_RIL4_G09_L01_2_All.txt,RIL4_G09_L01_2_S53_L002_1.fastq.gz,RIL4_G09_L01_2_S53_L002_2.fastq.gz,,
WGBS,RIL4_G09_L02_1,RIL4_G09_L02_1_S110_L002,RIL4,9,2,1,methylome_RIL4_G09_L02_1_All.txt,RIL4_G09_L02_1_S110_L002_1.fastq.gz,RIL4_G09_L02_1_S110_L002_2.fastq.gz,,
WGBS,RIL4_G09_L02_2,RIL4_G09_L02_2_S131_L002,RIL4,9,2,2,methylome_RIL4_G09_L02_2_All.txt,RIL4_G09_L02_2_S131_L002_1.fastq.gz,RIL4_G09_L02_2_S131_L002_2.fastq.gz,,
WGBS,RIL4_G02_L02_3,RIL4_G02_L02_3_S108_L004,RIL4,2,2,3,methylome_RIL4_G02_L02_3_All.txt,RIL4_G02_L02_3_S108_L004_1.fastq.gz,RIL4_G02_L02_3_S108_L004_2.fastq.gz,,
WGBS,RIL6_G02_L01_3,RIL6_G02_L01_3_S98_L003,RIL6,2,1,3,methylome_RIL6_G02_L01_3_All.txt,RIL6_G02_L01_3_S98_L003_1.fastq.gz,RIL6_G02_L01_3_S98_L003_2.fastq.gz,,
WGBS,RIL6_G02_L02_4,RIL6_G02_L02_4_S73_L003,RIL6,2,2,4,methylome_RIL6_G02_L02_4_All.txt,RIL6_G02_L02_4_S73_L003_1.fastq.gz,RIL6_G02_L02_4_S73_L003_2.fastq.gz,,
WGBS,RIL6_G09_L01_2,RIL6_G09_L01_2_S130_L003,RIL6,9,1,2,methylome_RIL6_G09_L01_2_All.txt,RIL6_G09_L01_2_S130_L003_1.fastq.gz,RIL6_G09_L01_2_S130_L003_2.fastq.gz,,
WGBS,RIL7_G02_L01_3,RIL7_G02_L01_3_S116_L003,RIL7,2,1,3,methylome_RIL7_G02_L01_3_All.txt,RIL7_G02_L01_3_S116_L003_1.fastq.gz,RIL7_G02_L01_3_S116_L003_2.fastq.gz,,
WGBS,RIL7_G02_L01_4,RIL7_G02_L01_4_S144_L003,RIL7,2,1,4,methylome_RIL7_G02_L01_4_All.txt,RIL7_G02_L01_4_S144_L003_1.fastq.gz,RIL7_G02_L01_4_S144_L003_2.fastq.gz,,
WGBS,RIL7_G02_L02_3,RIL7_G02_L02_3_S161_L003,RIL7,2,2,3,methylome_RIL7_G02_L02_3_All.txt,RIL7_G02_L02_3_S161_L003_1.fastq.gz,RIL7_G02_L02_3_S161_L003_2.fastq.gz,,
WGBS,RIL7_G02_L02_4,RIL7_G02_L02_4_S141_L003,RIL7,2,2,4,methylome_RIL7_G02_L02_4_All.txt,RIL7_G02_L02_4_S141_L003_1.fastq.gz,RIL7_G02_L02_4_S141_L003_2.fastq.gz,,
WGBS,RIL7_G09_L01_2,RIL7_G09_L01_2_S143_L003,RIL7,9,1,2,methylome_RIL7_G09_L01_2_All.txt,RIL7_G09_L01_2_S143_L003_1.fastq.gz,RIL7_G09_L01_2_S143_L003_2.fastq.gz,,
WGBS,RIL7_G09_L02_2,RIL7_G09_L02_2_S142_L003,RIL7,9,2,2,methylome_RIL7_G09_L02_2_All.txt,RIL7_G09_L02_2_S142_L003_1.fastq.gz,RIL7_G09_L02_2_S142_L003_2.fastq.gz,,
WGBS,RIL11_G02_L01_3,RIL11_G02_L01_3_S147_L003,RIL11,2,1,3,methylome_RIL11_G02_L01_3_All.txt,RIL11_G02_L01_3_S147_L003_1.fastq.gz,RIL11_G02_L01_3_S147_L003_2.fastq.gz,,
WGBS,RIL11_G02_L01_4,RIL11_G02_L01_4_S165_L003,RIL11,2,1,4,methylome_RIL11_G02_L01_4_All.txt,RIL11_G02_L01_4_S165_L003_1.fastq.gz,RIL11_G02_L01_4_S165_L003_2.fastq.gz,,
WGBS,RIL11_G02_L02_3,RIL11_G02_L02_3_S164_L003,RIL11,2,2,3,methylome_RIL11_G02_L02_3_All.txt,RIL11_G02_L02_3_S164_L003_1.fastq.gz,RIL11_G02_L02_3_S164_L003_2.fastq.gz,,
WGBS,RIL11_G02_L02_4,RIL11_G02_L02_4_S166_L003,RIL11,2,2,4,methylome_RIL11_G02_L02_4_All.txt,RIL11_G02_L02_4_S166_L003_1.fastq.gz,RIL11_G02_L02_4_S166_L003_2.fastq.gz,,
WGBS,RIL11_G09_L01_1,RIL11_G09_L01_1_S146_L003,RIL11,9,1,1,methylome_RIL11_G09_L01_1_All.txt,RIL11_G09_L01_1_S146_L003_1.fastq.gz,RIL11_G09_L01_1_S146_L003_2.fastq.gz,,
WGBS,RIL11_G09_L01_2,RIL11_G09_L01_2_S167_L003,RIL11,9,1,2,methylome_RIL11_G09_L01_2_All.txt,RIL11_G09_L01_2_S167_L003_1.fastq.gz,RIL11_G09_L01_2_S167_L003_2.fastq.gz,,
WGBS,RIL11_G09_L02_1,RIL11_G09_L02_1_S148_L003,RIL11,9,2,1,methylome_RIL11_G09_L02_1_All.txt,RIL11_G09_L02_1_S148_L003_1.fastq.gz,RIL11_G09_L02_1_S148_L003_2.fastq.gz,,
WGBS,RIL11_G09_L02_2,RIL11_G09_L02_2_S163_L003,RIL11,9,2,2,methylome_RIL11_G09_L02_2_All.txt,RIL11_G09_L02_2_S163_L003_1.fastq.gz,RIL11_G09_L02_2_S163_L003_2.fastq.gz,,
WGBS,RIL13_G02_L02_3,RIL13_G02_L02_3_S44,RIL13,2,2,3,methylome_RIL13_G02_L02_3_All.txt,RIL13_G02_L02_3_S44_1.fastq.gz,RIL13_G02_L02_3_S44_2.fastq.gz,,
WGBS,RIL13_G02_L01_3,RIL13_G02_L01_3_S39_L002,RIL13,2,1,3,methylome_RIL13_G02_L01_3_All.txt,RIL13_G02_L01_3_S39_L002_1.fastq.gz,RIL13_G02_L01_3_S39_L002_2.fastq.gz,,
WGBS,RIL13_G02_L01_4,RIL13_G02_L01_4_S99_L003,RIL13,2,1,4,methylome_RIL13_G02_L01_4_All.txt,RIL13_G02_L01_4_S99_L003_1.fastq.gz,RIL13_G02_L01_4_S99_L003_2.fastq.gz,,
WGBS,RIL13_G09_L01_1,RIL13_G09_L01_1_S100_L003,RIL13,9,1,1,methylome_RIL13_G09_L01_1_All.txt,RIL13_G09_L01_1_S100_L003_1.fastq.gz,RIL13_G09_L01_1_S100_L003_2.fastq.gz,,
WGBS,RIL13_G09_L02_1,RIL13_G09_L02_1_S87_L003,RIL13,9,2,1,methylome_RIL13_G09_L02_1_All.txt,RIL13_G09_L02_1_S87_L003_1.fastq.gz,RIL13_G09_L02_1_S87_L003_2.fastq.gz,,
WGBS,RIL13_G09_L02_2,RIL13_G09_L02_2_S123_L003,RIL13,9,2,2,methylome_RIL13_G09_L02_2_All.txt,RIL13_G09_L02_2_S123_L003_1.fastq.gz,RIL13_G09_L02_2_S123_L003_2.fastq.gz,,
WGBS,RIL13_G02_L02_4,RIL13_G02_L02_4_S13_L001,RIL13,2,2,4,methylome_RIL13_G02_L02_4_All.txt,RIL13_G02_L02_4_S13_L001_1.fastq.gz,RIL13_G02_L02_4_S13_L001_2.fastq.gz,,
WGBS,RIL15_G02_L01_3,RIL15_G02_L01_3_S119_L002,RIL15,2,1,3,methylome_RIL15_G02_L01_3_All.txt,RIL15_G02_L01_3_S119_L002_1.fastq.gz,RIL15_G02_L01_3_S119_L002_2.fastq.gz,,
WGBS,RIL15_G02_L01_4,RIL15_G02_L01_4_S139_L002,RIL15,2,1,4,methylome_RIL15_G02_L01_4_All.txt,RIL15_G02_L01_4_S139_L002_1.fastq.gz,RIL15_G02_L01_4_S139_L002_2.fastq.gz,,
WGBS,RIL15_G02_L02_3,RIL15_G02_L02_3_S71_L002,RIL15,2,2,3,methylome_RIL15_G02_L02_3_All.txt,RIL15_G02_L02_3_S71_L002_1.fastq.gz,RIL15_G02_L02_3_S71_L002_2.fastq.gz,,
WGBS,RIL15_G02_L02_4,RIL15_G02_L02_4_S121_L002,RIL15,2,2,4,methylome_RIL15_G02_L02_4_All.txt,RIL15_G02_L02_4_S121_L002_1.fastq.gz,RIL15_G02_L02_4_S121_L002_2.fastq.gz,,
WGBS,RIL15_G09_L02_2,RIL15_G09_L02_2_S94_L002,RIL15,9,2,2,methylome_RIL15_G09_L02_2_All.txt,RIL15_G09_L02_2_S94_L002_1.fastq.gz,RIL15_G09_L02_2_S94_L002_2.fastq.gz,,
WGBS,RIL18_G02_L01_4,RIL18_G02_L01_4_S46,RIL18,2,1,4,methylome_RIL18_G02_L01_4_All.txt,RIL18_G02_L01_4_S46_1.fastq.gz,RIL18_G02_L01_4_S46_2.fastq.gz,,
WGBS,RIL18_G02_L01_3,RIL18_G02_L01_3_S14_L002,RIL18,2,1,3,methylome_RIL18_G02_L01_3_All.txt,RIL18_G02_L01_3_S14_L002_1.fastq.gz,RIL18_G02_L01_3_S14_L002_2.fastq.gz,,
WGBS,RIL18_G02_L02_3,RIL18_G02_L02_3_S38_L002,RIL18,2,2,3,methylome_RIL18_G02_L02_3_All.txt,RIL18_G02_L02_3_S38_L002_1.fastq.gz,RIL18_G02_L02_3_S38_L002_2.fastq.gz,,
WGBS,RIL18_G02_L02_4,RIL18_G02_L02_4_S35_L002,RIL18,2,2,4,methylome_RIL18_G02_L02_4_All.txt,RIL18_G02_L02_4_S35_L002_1.fastq.gz,RIL18_G02_L02_4_S35_L002_2.fastq.gz,,
WGBS,RIL18_G09_L01_2,RIL18_G09_L01_2_S12_L001,RIL18,9,1,2,methylome_RIL18_G09_L01_2_All.txt,RIL18_G09_L01_2_S12_L001_1.fastq.gz,RIL18_G09_L01_2_S12_L001_2.fastq.gz,,
WGBS,RIL18_G09_L02_1,RIL18_G09_L02_1_S3_L001,RIL18,9,2,1,methylome_RIL18_G09_L02_1_All.txt,RIL18_G09_L02_1_S3_L001_1.fastq.gz,RIL18_G09_L02_1_S3_L001_2.fastq.gz,,
WGBS,RIL19_G02_L01_4,RIL19_G02_L01_4_S122_L002,RIL19,2,1,4,methylome_RIL19_G02_L01_4_All.txt,RIL19_G02_L01_4_S122_L002_1.fastq.gz,RIL19_G02_L01_4_S122_L002_2.fastq.gz,,
WGBS,RIL19_G02_L02_3,RIL19_G02_L02_3_S86_L002,RIL19,2,2,3,methylome_RIL19_G02_L02_3_All.txt,RIL19_G02_L02_3_S86_L002_1.fastq.gz,RIL19_G02_L02_3_S86_L002_2.fastq.gz,,
WGBS,RIL19_G09_L02_2,RIL19_G09_L02_2_S84_L003,RIL19,9,2,2,methylome_RIL19_G09_L02_2_All.txt,RIL19_G09_L02_2_S84_L003_1.fastq.gz,RIL19_G09_L02_2_S84_L003_2.fastq.gz,,
WGBS,RIL21_G02_L01_3,RIL21_G02_L01_3_S78_L002,RIL21,2,1,3,methylome_RIL21_G02_L01_3_All.txt,RIL21_G02_L01_3_S78_L002_1.fastq.gz,RIL21_G02_L01_3_S78_L002_2.fastq.gz,,
WGBS,RIL21_G02_L01_4,RIL21_G02_L01_4_S113_L002,RIL21,2,1,4,methylome_RIL21_G02_L01_4_All.txt,RIL21_G02_L01_4_S113_L002_1.fastq.gz,RIL21_G02_L01_4_S113_L002_2.fastq.gz,,
WGBS,RIL21_G02_L02_4,RIL21_G02_L02_4_S166_L004,RIL21,2,2,4,methylome_RIL21_G02_L02_4_All.txt,RIL21_G02_L02_4_S166_L004_1.fastq.gz,RIL21_G02_L02_4_S166_L004_2.fastq.gz,,
WGBS,RIL21_G09_L02_1,RIL21_G09_L02_1_S112_L002,RIL21,9,2,1,methylome_RIL21_G09_L02_1_All.txt,RIL21_G09_L02_1_S112_L002_1.fastq.gz,RIL21_G09_L02_1_S112_L002_2.fastq.gz,,
WGBS,RIL21_G09_L02_2,RIL21_G09_L02_2_S104_L002,RIL21,9,2,2,methylome_RIL21_G09_L02_2_All.txt,RIL21_G09_L02_2_S104_L002_1.fastq.gz,RIL21_G09_L02_2_S104_L002_2.fastq.gz,,
WGBS,RIL22_G02_L01_3,RIL22_G02_L01_3_S182_L004,RIL22,2,1,3,methylome_RIL22_G02_L01_3_All.txt,RIL22_G02_L01_3_S182_L004_1.fastq.gz,RIL22_G02_L01_3_S182_L004_2.fastq.gz,,
WGBS,RIL22_G02_L02_4,RIL22_G02_L02_4_S92_L003,RIL22,2,2,4,methylome_RIL22_G02_L02_4_All.txt,RIL22_G02_L02_4_S92_L003_1.fastq.gz,RIL22_G02_L02_4_S92_L003_2.fastq.gz,,
WGBS,RIL22_G09_L01_2,RIL22_G09_L01_2_S57_L002,RIL22,9,1,2,methylome_RIL22_G09_L01_2_All.txt,RIL22_G09_L01_2_S57_L002_1.fastq.gz,RIL22_G09_L01_2_S57_L002_2.fastq.gz,,
WGBS,RIL22_G09_L02_2,RIL22_G09_L02_2_S69_L002,RIL22,9,2,2,methylome_RIL22_G09_L02_2_All.txt,RIL22_G09_L02_2_S69_L002_1.fastq.gz,RIL22_G09_L02_2_S69_L002_2.fastq.gz,,
WGBS,RIL22_G09_L01_1,RIL22_G09_L01_1_S97_L004,RIL22,9,1,1,methylome_RIL22_G09_L01_1_All.txt,RIL22_G09_L01_1_S97_L004_1.fastq.gz,RIL22_G09_L01_1_S97_L004_2.fastq.gz,,
WGBS,RIL23_G02_L02_3,RIL23_G02_L02_3_S105_L002,RIL23,2,2,3,methylome_RIL23_G02_L02_3_All.txt,RIL23_G02_L02_3_S105_L002_1.fastq.gz,RIL23_G02_L02_3_S105_L002_2.fastq.gz,,
WGBS,RIL23_G09_L01_1,RIL23_G09_L01_1_S128_L002,RIL23,9,1,1,methylome_RIL23_G09_L01_1_All.txt,RIL23_G09_L01_1_S128_L002_1.fastq.gz,RIL23_G09_L01_1_S128_L002_2.fastq.gz,,
WGBS,RIL23_G09_L01_2,RIL23_G09_L01_2_S79_L002,RIL23,9,1,2,methylome_RIL23_G09_L01_2_All.txt,RIL23_G09_L01_2_S79_L002_1.fastq.gz,RIL23_G09_L01_2_S79_L002_2.fastq.gz,,
WGBS,RIL23_G02_L02_4,RIL23_G02_L02_4_S50_L001,RIL23,2,2,4,methylome_RIL23_G02_L02_4_All.txt,RIL23_G02_L02_4_S50_L001_1.fastq.gz,RIL23_G02_L02_4_S50_L001_2.fastq.gz,,
WGBS,RIL25_G02_L01_3,RIL25_G02_L01_3_S132_L003,RIL25,2,1,3,methylome_RIL25_G02_L01_3_All.txt,RIL25_G02_L01_3_S132_L003_1.fastq.gz,RIL25_G02_L01_3_S132_L003_2.fastq.gz,,
WGBS,RIL25_G02_L01_4,RIL25_G02_L01_4_S144_L004,RIL25,2,1,4,methylome_RIL25_G02_L01_4_All.txt,RIL25_G02_L01_4_S144_L004_1.fastq.gz,RIL25_G02_L01_4_S144_L004_2.fastq.gz,,
WGBS,RIL25_G09_L02_1,RIL25_G09_L02_1_S62_L002,RIL25,9,2,1,methylome_RIL25_G09_L02_1_All.txt,RIL25_G09_L02_1_S62_L002_1.fastq.gz,RIL25_G09_L02_1_S62_L002_2.fastq.gz,,
WGBS,RIL27_G02_L01_3,RIL27_G02_L01_3_S61_L001,RIL27,2,1,3,methylome_RIL27_G02_L01_3_All.txt,RIL27_G02_L01_3_S61_L001_1.fastq.gz,RIL27_G02_L01_3_S61_L001_2.fastq.gz,,
WGBS,RIL27_G02_L01_4,RIL27_G02_L01_4_S129_L002,RIL27,2,1,4,methylome_RIL27_G02_L01_4_All.txt,RIL27_G02_L01_4_S129_L002_1.fastq.gz,RIL27_G02_L01_4_S129_L002_2.fastq.gz,,
WGBS,RIL27_G02_L02_3,RIL27_G02_L02_3_S59_L001,RIL27,2,2,3,methylome_RIL27_G02_L02_3_All.txt,RIL27_G02_L02_3_S59_L001_1.fastq.gz,RIL27_G02_L02_3_S59_L001_2.fastq.gz,,
WGBS,RIL27_G09_L01_2,RIL27_G09_L01_2_S47_L001,RIL27,9,1,2,methylome_RIL27_G09_L01_2_All.txt,RIL27_G09_L01_2_S47_L001_1.fastq.gz,RIL27_G09_L01_2_S47_L001_2.fastq.gz,,
WGBS,RIL27_G09_L02_2,RIL27_G09_L02_2_S188_L004,RIL27,9,2,2,methylome_RIL27_G09_L02_2_All.txt,RIL27_G09_L02_2_S188_L004_1.fastq.gz,RIL27_G09_L02_2_S188_L004_2.fastq.gz,,
WGBS,RIL29_G02_L02_4,RIL29_G02_L02_4_S135_L003,RIL29,2,2,4,methylome_RIL29_G02_L02_4_All.txt,RIL29_G02_L02_4_S135_L003_1.fastq.gz,RIL29_G02_L02_4_S135_L003_2.fastq.gz,,
WGBS,RIL29_G09_L02_2,RIL29_G09_L02_2_S136_L003,RIL29,9,2,2,methylome_RIL29_G09_L02_2_All.txt,RIL29_G09_L02_2_S136_L003_1.fastq.gz,RIL29_G09_L02_2_S136_L003_2.fastq.gz,,
WGBS,RIL29_G02_L02_3,RIL29_G02_L02_3_S46_L001,RIL29,2,2,3,methylome_RIL29_G02_L02_3_All.txt,RIL29_G02_L02_3_S46_L001_1.fastq.gz,RIL29_G02_L02_3_S46_L001_2.fastq.gz,,
WGBS,RIL36_G02_L01_4,RIL36_G02_L01_4_S149_L004,RIL36,2,1,4,methylome_RIL36_G02_L01_4_All.txt,RIL36_G02_L01_4_S149_L004_1.fastq.gz,RIL36_G02_L01_4_S149_L004_2.fastq.gz,,
WGBS,RIL36_G02_L02_3,RIL36_G02_L02_3_S173_L004,RIL36,2,2,3,methylome_RIL36_G02_L02_3_All.txt,RIL36_G02_L02_3_S173_L004_1.fastq.gz,RIL36_G02_L02_3_S173_L004_2.fastq.gz,,
WGBS,RIL36_G02_L02_4,RIL36_G02_L02_4_S126_L003,RIL36,2,2,4,methylome_RIL36_G02_L02_4_All.txt,RIL36_G02_L02_4_S126_L003_1.fastq.gz,RIL36_G02_L02_4_S126_L003_2.fastq.gz,,
WGBS,RIL36_G09_L02_1,RIL36_G09_L02_1_S21_L002,RIL36,9,2,1,methylome_RIL36_G09_L02_1_All.txt,RIL36_G09_L02_1_S21_L002_1.fastq.gz,RIL36_G09_L02_1_S21_L002_2.fastq.gz,,
WGBS,RIL37_G02_L01_4,RIL37_G02_L01_4_S17_L002,RIL37,2,1,4,methylome_RIL37_G02_L01_4_All.txt,RIL37_G02_L01_4_S17_L002_1.fastq.gz,RIL37_G02_L01_4_S17_L002_2.fastq.gz,,
WGBS,RIL37_G02_L02_4,RIL37_G02_L02_4_S64_L003,RIL37,2,2,4,methylome_RIL37_G02_L02_4_All.txt,RIL37_G02_L02_4_S64_L003_1.fastq.gz,RIL37_G02_L02_4_S64_L003_2.fastq.gz,,
WGBS,RIL37_G09_L01_2,RIL37_G09_L01_2_S103_L003,RIL37,9,1,2,methylome_RIL37_G09_L01_2_All.txt,RIL37_G09_L01_2_S103_L003_1.fastq.gz,RIL37_G09_L01_2_S103_L003_2.fastq.gz,,
WGBS,RIL50_G02_L01_3,RIL50_G02_L01_3_S167_L004,RIL50,2,1,3,methylome_RIL50_G02_L01_3_All.txt,RIL50_G02_L01_3_S167_L004_1.fastq.gz,RIL50_G02_L01_3_S167_L004_2.fastq.gz,,
WGBS,RIL50_G02_L01_4,RIL50_G02_L01_4_S25_L001,RIL50,2,1,4,methylome_RIL50_G02_L01_4_All.txt,RIL50_G02_L01_4_S25_L001_1.fastq.gz,RIL50_G02_L01_4_S25_L001_2.fastq.gz,,
WGBS,RIL50_G02_L02_3,RIL50_G02_L02_3_S3_L001,RIL50,2,2,3,methylome_RIL50_G02_L02_3_All.txt,RIL50_G02_L02_3_S3_L001_1.fastq.gz,RIL50_G02_L02_3_S3_L001_2.fastq.gz,,
WGBS,RIL50_G09_L01_2,RIL50_G09_L01_2_S181_L004,RIL50,9,1,2,methylome_RIL50_G09_L01_2_All.txt,RIL50_G09_L01_2_S181_L004_1.fastq.gz,RIL50_G09_L01_2_S181_L004_2.fastq.gz,,
WGBS,RIL50_G09_L02_2,RIL50_G09_L02_2_S114_L003,RIL50,9,2,2,methylome_RIL50_G09_L02_2_All.txt,RIL50_G09_L02_2_S114_L003_1.fastq.gz,RIL50_G09_L02_2_S114_L003_2.fastq.gz,,
WGBS,RIL54_G02_L02_3,RIL54_G02_L02_3_S42,RIL54,2,2,3,methylome_RIL54_G02_L02_3_All.txt,RIL54_G02_L02_3_S42_1.fastq.gz,RIL54_G02_L02_3_S42_2.fastq.gz,,
WGBS,RIL54_G02_L01_3,RIL54_G02_L01_3_S78_L003,RIL54,2,1,3,methylome_RIL54_G02_L01_3_All.txt,RIL54_G02_L01_3_S78_L003_1.fastq.gz,RIL54_G02_L01_3_S78_L003_2.fastq.gz,,
WGBS,RIL54_G02_L01_4,RIL54_G02_L01_4_S91_L003,RIL54,2,1,4,methylome_RIL54_G02_L01_4_All.txt,RIL54_G02_L01_4_S91_L003_1.fastq.gz,RIL54_G02_L01_4_S91_L003_2.fastq.gz,,
WGBS,RIL54_G02_L02_4,RIL54_G02_L02_4_S18_L001,RIL54,2,2,4,methylome_RIL54_G02_L02_4_All.txt,RIL54_G02_L02_4_S18_L001_1.fastq.gz,RIL54_G02_L02_4_S18_L001_2.fastq.gz,,
WGBS,RIL54_G09_L01_2,RIL54_G09_L01_2_S63_L003,RIL54,9,1,2,methylome_RIL54_G09_L01_2_All.txt,RIL54_G09_L01_2_S63_L003_1.fastq.gz,RIL54_G09_L01_2_S63_L003_2.fastq.gz,,
WGBS,RIL55_G02_L01_3,RIL55_G02_L01_3_S190_L004,RIL55,2,1,3,methylome_RIL55_G02_L01_3_All.txt,RIL55_G02_L01_3_S190_L004_1.fastq.gz,RIL55_G02_L01_3_S190_L004_2.fastq.gz,,
WGBS,RIL55_G02_L01_4,RIL55_G02_L01_4_S83_L003,RIL55,2,1,4,methylome_RIL55_G02_L01_4_All.txt,RIL55_G02_L01_4_S83_L003_1.fastq.gz,RIL55_G02_L01_4_S83_L003_2.fastq.gz,,
WGBS,RIL55_G02_L02_3,RIL55_G02_L02_3_S127_L002,RIL55,2,2,3,methylome_RIL55_G02_L02_3_All.txt,RIL55_G02_L02_3_S127_L002_1.fastq.gz,RIL55_G02_L02_3_S127_L002_2.fastq.gz,,
WGBS,RIL55_G02_L02_4,RIL55_G02_L02_4_S98_L002,RIL55,2,2,4,methylome_RIL55_G02_L02_4_All.txt,RIL55_G02_L02_4_S98_L002_1.fastq.gz,RIL55_G02_L02_4_S98_L002_2.fastq.gz,,
WGBS,RIL55_G09_L01_2,RIL55_G09_L01_2_S128_L003,RIL55,9,1,2,methylome_RIL55_G09_L01_2_All.txt,RIL55_G09_L01_2_S128_L003_1.fastq.gz,RIL55_G09_L01_2_S128_L003_2.fastq.gz,,
WGBS,RIL55_G09_L02_1,RIL55_G09_L02_1_S72_L003,RIL55,9,2,1,methylome_RIL55_G09_L02_1_All.txt,RIL55_G09_L02_1_S72_L003_1.fastq.gz,RIL55_G09_L02_1_S72_L003_2.fastq.gz,,
WGBS,RIL58_G02_L02_3,RIL58_G02_L02_3_S116_L003,RIL58,2,2,3,methylome_RIL58_G02_L02_3_All.txt,RIL58_G02_L02_3_S116_L003_1.fastq.gz,RIL58_G02_L02_3_S116_L003_2.fastq.gz,,
WGBS,RIL58_G02_L02_4,RIL58_G02_L02_4_S82_L003,RIL58,2,2,4,methylome_RIL58_G02_L02_4_All.txt,RIL58_G02_L02_4_S82_L003_1.fastq.gz,RIL58_G02_L02_4_S82_L003_2.fastq.gz,,
WGBS,RIL58_G09_L01_2,RIL58_G09_L01_2_S41_L001,RIL58,9,1,2,methylome_RIL58_G09_L01_2_All.txt,RIL58_G09_L01_2_S41_L001_1.fastq.gz,RIL58_G09_L01_2_S41_L001_2.fastq.gz,,
WGBS,RIL58_G09_L02_2,RIL58_G09_L02_2_S95_L003,RIL58,9,2,2,methylome_RIL58_G09_L02_2_All.txt,RIL58_G09_L02_2_S95_L003_1.fastq.gz,RIL58_G09_L02_2_S95_L003_2.fastq.gz,,
WGBS,RIL59_G02_L01_3,RIL59_G02_L01_3_S64_L002,RIL59,2,1,3,methylome_RIL59_G02_L01_3_All.txt,RIL59_G02_L01_3_S64_L002_1.fastq.gz,RIL59_G02_L01_3_S64_L002_2.fastq.gz,,
WGBS,RIL59_G02_L01_4,RIL59_G02_L01_4_S16_L002,RIL59,2,1,4,methylome_RIL59_G02_L01_4_All.txt,RIL59_G02_L01_4_S16_L002_1.fastq.gz,RIL59_G02_L01_4_S16_L002_2.fastq.gz,,
WGBS,RIL59_G02_L02_3,RIL59_G02_L02_3_S76_L003,RIL59,2,2,3,methylome_RIL59_G02_L02_3_All.txt,RIL59_G02_L02_3_S76_L003_1.fastq.gz,RIL59_G02_L02_3_S76_L003_2.fastq.gz,,
WGBS,RIL59_G02_L02_4,RIL59_G02_L02_4_S65_L002,RIL59,2,2,4,methylome_RIL59_G02_L02_4_All.txt,RIL59_G02_L02_4_S65_L002_1.fastq.gz,RIL59_G02_L02_4_S65_L002_2.fastq.gz,,
WGBS,RIL59_G09_L01_1,RIL59_G09_L01_1_S134_L003,RIL59,9,1,1,methylome_RIL59_G09_L01_1_All.txt,RIL59_G09_L01_1_S134_L003_1.fastq.gz,RIL59_G09_L01_1_S134_L003_2.fastq.gz,,
WGBS,RIL59_G09_L02_1,RIL59_G09_L02_1_S18_L002,RIL59,9,2,1,methylome_RIL59_G09_L02_1_All.txt,RIL59_G09_L02_1_S18_L002_1.fastq.gz,RIL59_G09_L02_1_S18_L002_2.fastq.gz,,
WGBS,RIL59_G09_L02_2,RIL59_G09_L02_2_S122_L003,RIL59,9,2,2,methylome_RIL59_G09_L02_2_All.txt,RIL59_G09_L02_2_S122_L003_1.fastq.gz,RIL59_G09_L02_2_S122_L003_2.fastq.gz,,
WGBS,RIL61_G02_L01_3,RIL61_G02_L01_3_S70_L002,RIL61,2,1,3,methylome_RIL61_G02_L01_3_All.txt,RIL61_G02_L01_3_S70_L002_1.fastq.gz,RIL61_G02_L01_3_S70_L002_2.fastq.gz,,
WGBS,RIL61_G02_L01_4,RIL61_G02_L01_4_S140_L003,RIL61,2,1,4,methylome_RIL61_G02_L01_4_All.txt,RIL61_G02_L01_4_S140_L003_1.fastq.gz,RIL61_G02_L01_4_S140_L003_2.fastq.gz,,
WGBS,RIL61_G02_L02_3,RIL61_G02_L02_3_S107_L003,RIL61,2,2,3,methylome_RIL61_G02_L02_3_All.txt,RIL61_G02_L02_3_S107_L003_1.fastq.gz,RIL61_G02_L02_3_S107_L003_2.fastq.gz,,
WGBS,RIL61_G09_L01_2,RIL61_G09_L01_2_S80_L002,RIL61,9,1,2,methylome_RIL61_G09_L01_2_All.txt,RIL61_G09_L01_2_S80_L002_1.fastq.gz,RIL61_G09_L01_2_S80_L002_2.fastq.gz,,
WGBS,RIL61_G09_L02_2,RIL61_G09_L02_2_S40_L001,RIL61,9,2,2,methylome_RIL61_G09_L02_2_All.txt,RIL61_G09_L02_2_S40_L001_1.fastq.gz,RIL61_G09_L02_2_S40_L001_2.fastq.gz,,
WGBS,RIL63_G02_L01_4,RIL63_G02_L01_4_S80_L003,RIL63,2,1,4,methylome_RIL63_G02_L01_4_All.txt,RIL63_G02_L01_4_S80_L003_1.fastq.gz,RIL63_G02_L01_4_S80_L003_2.fastq.gz,,
WGBS,RIL63_G02_L02_3,RIL63_G02_L02_3_S164_L004,RIL63,2,2,3,methylome_RIL63_G02_L02_3_All.txt,RIL63_G02_L02_3_S164_L004_1.fastq.gz,RIL63_G02_L02_3_S164_L004_2.fastq.gz,,
WGBS,RIL63_G09_L01_2,RIL63_G09_L01_2_S185_L004,RIL63,9,1,2,methylome_RIL63_G09_L01_2_All.txt,RIL63_G09_L01_2_S185_L004_1.fastq.gz,RIL63_G09_L01_2_S185_L004_2.fastq.gz,,
WGBS,RIL63_G02_L02_4,RIL63_G02_L02_4_S106_L004,RIL63,2,2,4,methylome_RIL63_G02_L02_4_All.txt,RIL63_G02_L02_4_S106_L004_1.fastq.gz,RIL63_G02_L02_4_S106_L004_2.fastq.gz,,
WGBS,RIL65_G02_L01_3,RIL65_G02_L01_3_S47,RIL65,2,1,3,methylome_RIL65_G02_L01_3_All.txt,RIL65_G02_L01_3_S47_1.fastq.gz,RIL65_G02_L01_3_S47_2.fastq.gz,,
WGBS,RIL65_G02_L02_3,RIL65_G02_L02_3_S192_L004,RIL65,2,2,3,methylome_RIL65_G02_L02_3_All.txt,RIL65_G02_L02_3_S192_L004_1.fastq.gz,RIL65_G02_L02_3_S192_L004_2.fastq.gz,,
WGBS,RIL65_G09_L02_2,RIL65_G09_L02_2_S58_L003,RIL65,9,2,2,methylome_RIL65_G09_L02_2_All.txt,RIL65_G09_L02_2_S58_L003_1.fastq.gz,RIL65_G09_L02_2_S58_L003_2.fastq.gz,,
WGBS,RIL65_G09_L01_1,RIL65_G09_L01_1_S2_L001,RIL65,9,1,1,methylome_RIL65_G09_L01_1_All.txt,RIL65_G09_L01_1_S2_L001_1.fastq.gz,RIL65_G09_L01_1_S2_L001_2.fastq.gz,,
WGBS,RIL68_G02_L02_3,RIL68_G02_L02_3_S1_L001,RIL68,2,2,3,methylome_RIL68_G02_L02_3_All.txt,RIL68_G02_L02_3_S1_L001_1.fastq.gz,RIL68_G02_L02_3_S1_L001_2.fastq.gz,,
WGBS,RIL68_G02_L02_4,RIL68_G02_L02_4_S176_L004,RIL68,2,2,4,methylome_RIL68_G02_L02_4_All.txt,RIL68_G02_L02_4_S176_L004_1.fastq.gz,RIL68_G02_L02_4_S176_L004_2.fastq.gz,,
WGBS,RIL68_G09_L01_1,RIL68_G09_L01_1_S177_L004,RIL68,9,1,1,methylome_RIL68_G09_L01_1_All.txt,RIL68_G09_L01_1_S177_L004_1.fastq.gz,RIL68_G09_L01_1_S177_L004_2.fastq.gz,,
WGBS,RIL68_G09_L01_2,RIL68_G09_L01_2_S149_L003,RIL68,9,1,2,methylome_RIL68_G09_L01_2_All.txt,RIL68_G09_L01_2_S149_L003_1.fastq.gz,RIL68_G09_L01_2_S149_L003_2.fastq.gz,,
WGBS,RIL68_G09_L02_1,RIL68_G09_L02_1_S189_L004,RIL68,9,2,1,methylome_RIL68_G09_L02_1_All.txt,RIL68_G09_L02_1_S189_L004_1.fastq.gz,RIL68_G09_L02_1_S189_L004_2.fastq.gz,,
WGBS,RIL68_G09_L02_2,RIL68_G09_L02_2_S44_L002,RIL68,9,2,2,methylome_RIL68_G09_L02_2_All.txt,RIL68_G09_L02_2_S44_L002_1.fastq.gz,RIL68_G09_L02_2_S44_L002_2.fastq.gz,,
WGBS,RIL68_G02_L01_3,RIL68_G02_L01_3_S28_L001,RIL68,2,1,3,methylome_RIL68_G02_L01_3_All.txt,RIL68_G02_L01_3_S28_L001_1.fastq.gz,RIL68_G02_L01_3_S28_L001_2.fastq.gz,,
WGBS,RIL68_G02_L01_4,RIL68_G02_L01_4_S95_L004,RIL68,2,1,4,methylome_RIL68_G02_L01_4_All.txt,RIL68_G02_L01_4_S95_L004_1.fastq.gz,RIL68_G02_L01_4_S95_L004_2.fastq.gz,,
WGBS,RIL70_G02_L01_3,RIL70_G02_L01_3_S10_L001,RIL70,2,1,3,methylome_RIL70_G02_L01_3_All.txt,RIL70_G02_L01_3_S10_L001_1.fastq.gz,RIL70_G02_L01_3_S10_L001_2.fastq.gz,,
WGBS,RIL70_G02_L02_4,RIL70_G02_L02_4_S206_L004,RIL70,2,2,4,methylome_RIL70_G02_L02_4_All.txt,RIL70_G02_L02_4_S206_L004_1.fastq.gz,RIL70_G02_L02_4_S206_L004_2.fastq.gz,,
WGBS,RIL70_G09_L02_1,RIL70_G09_L02_1_S191_L004,RIL70,9,2,1,methylome_RIL70_G09_L02_1_All.txt,RIL70_G09_L02_1_S191_L004_1.fastq.gz,RIL70_G09_L02_1_S191_L004_2.fastq.gz,,
WGBS,RIL71_G02_L01_3,RIL71_G02_L01_3_S88_L002,RIL71,2,1,3,methylome_RIL71_G02_L01_3_All.txt,RIL71_G02_L01_3_S88_L002_1.fastq.gz,RIL71_G02_L01_3_S88_L002_2.fastq.gz,,
WGBS,RIL71_G02_L02_3,RIL71_G02_L02_3_S91_L002,RIL71,2,2,3,methylome_RIL71_G02_L02_3_All.txt,RIL71_G02_L02_3_S91_L002_1.fastq.gz,RIL71_G02_L02_3_S91_L002_2.fastq.gz,,
WGBS,RIL71_G02_L02_4,RIL71_G02_L02_4_S87_L002,RIL71,2,2,4,methylome_RIL71_G02_L02_4_All.txt,RIL71_G02_L02_4_S87_L002_1.fastq.gz,RIL71_G02_L02_4_S87_L002_2.fastq.gz,,
WGBS,RIL71_G09_L02_1,RIL71_G09_L02_1_S151_L003,RIL71,9,2,1,methylome_RIL71_G09_L02_1_All.txt,RIL71_G09_L02_1_S151_L003_1.fastq.gz,RIL71_G09_L02_1_S151_L003_2.fastq.gz,,
WGBS,RIL71_G09_L02_2,RIL71_G09_L02_2_S60_L001,RIL71,9,2,2,methylome_RIL71_G09_L02_2_All.txt,RIL71_G09_L02_2_S60_L001_1.fastq.gz,RIL71_G09_L02_2_S60_L001_2.fastq.gz,,
WGBS,RIL71_G09_L01_2,RIL71_G09_L01_2_S6_L001,RIL71,9,1,2,methylome_RIL71_G09_L01_2_All.txt,RIL71_G09_L01_2_S6_L001_1.fastq.gz,RIL71_G09_L01_2_S6_L001_2.fastq.gz,,
WGBS,RIL72_G02_L01_4,RIL72_G02_L01_4_S57,RIL72,2,1,4,methylome_RIL72_G02_L01_4_All.txt,RIL72_G02_L01_4_S57_1.fastq.gz,RIL72_G02_L01_4_S57_2.fastq.gz,,
WGBS,RIL72_G02_L02_3,RIL72_G02_L02_3_S150_L004,RIL72,2,2,3,methylome_RIL72_G02_L02_3_All.txt,RIL72_G02_L02_3_S150_L004_1.fastq.gz,RIL72_G02_L02_3_S150_L004_2.fastq.gz,,
WGBS,RIL72_G09_L01_1,RIL72_G09_L01_1_S138_L003,RIL72,9,1,1,methylome_RIL72_G09_L01_1_All.txt,RIL72_G09_L01_1_S138_L003_1.fastq.gz,RIL72_G09_L01_1_S138_L003_2.fastq.gz,,
WGBS,RIL72_G09_L02_1,RIL72_G09_L02_1_S12_L002,RIL72,9,2,1,methylome_RIL72_G09_L02_1_All.txt,RIL72_G09_L02_1_S12_L002_1.fastq.gz,RIL72_G09_L02_1_S12_L002_2.fastq.gz,,
WGBS,RIL72_G09_L02_2,RIL72_G09_L02_2_S28_L001,RIL72,9,2,2,methylome_RIL72_G09_L02_2_All.txt,RIL72_G09_L02_2_S28_L001_1.fastq.gz,RIL72_G09_L02_2_S28_L001_2.fastq.gz,,
WGBS,RIL72_G02_L02_4,RIL72_G02_L02_4_S102_L004,RIL72,2,2,4,methylome_RIL72_G02_L02_4_All.txt,RIL72_G02_L02_4_S102_L004_1.fastq.gz,RIL72_G02_L02_4_S102_L004_2.fastq.gz,,
WGBS,RIL101_G02_L01_3,RIL101_G02_L01_3_S153_L003,RIL101,2,1,3,methylome_RIL101_G02_L01_3_All.txt,RIL101_G02_L01_3_S153_L003_1.fastq.gz,RIL101_G02_L01_3_S153_L003_2.fastq.gz,,
WGBS,RIL101_G02_L01_4,RIL101_G02_L01_4_S151_L003,RIL101,2,1,4,methylome_RIL101_G02_L01_4_All.txt,RIL101_G02_L01_4_S151_L003_1.fastq.gz,RIL101_G02_L01_4_S151_L003_2.fastq.gz,,
WGBS,RIL101_G02_L02_4,RIL101_G02_L02_4_S154_L003,RIL101,2,2,4,methylome_RIL101_G02_L02_4_All.txt,RIL101_G02_L02_4_S154_L003_1.fastq.gz,RIL101_G02_L02_4_S154_L003_2.fastq.gz,,
WGBS,RIL101_G02_L02_3,RIL101_G02_L02_3_S117_L003,RIL101,2,2,3,methylome_RIL101_G02_L02_3_All.txt,RIL101_G02_L02_3_S117_L003_1.fastq.gz,RIL101_G02_L02_3_S117_L003_2.fastq.gz,,
WGBS,RIL101_G09_L01_1,RIL101_G09_L01_1_S170_L003,RIL101,9,1,1,methylome_RIL101_G09_L01_1_All.txt,RIL101_G09_L01_1_S170_L003_1.fastq.gz,RIL101_G09_L01_1_S170_L003_2.fastq.gz,,
WGBS,RIL101_G09_L02_2,RIL101_G09_L02_2_S133_L003,RIL101,9,2,2,methylome_RIL101_G09_L02_2_All.txt,RIL101_G09_L02_2_S133_L003_1.fastq.gz,RIL101_G09_L02_2_S133_L003_2.fastq.gz,,
WGBS,RIL108_G02_L01_3,RIL108_G02_L01_3_S160_L004,RIL108,2,1,3,methylome_RIL108_G02_L01_3_All.txt,RIL108_G02_L01_3_S160_L004_1.fastq.gz,RIL108_G02_L01_3_S160_L004_2.fastq.gz,,
WGBS,RIL108_G02_L01_4,RIL108_G02_L01_4_S165_L004,RIL108,2,1,4,methylome_RIL108_G02_L01_4_All.txt,RIL108_G02_L01_4_S165_L004_1.fastq.gz,RIL108_G02_L01_4_S165_L004_2.fastq.gz,,
WGBS,RIL108_G02_L02_3,RIL108_G02_L02_3_S180_L004,RIL108,2,2,3,methylome_RIL108_G02_L02_3_All.txt,RIL108_G02_L02_3_S180_L004_1.fastq.gz,RIL108_G02_L02_3_S180_L004_2.fastq.gz,,
WGBS,RIL108_G02_L02_4,RIL108_G02_L02_4_S169_L004,RIL108,2,2,4,methylome_RIL108_G02_L02_4_All.txt,RIL108_G02_L02_4_S169_L004_1.fastq.gz,RIL108_G02_L02_4_S169_L004_2.fastq.gz,,
WGBS,RIL108_G09_L02_1,RIL108_G09_L02_1_S176_L004,RIL108,9,2,1,methylome_RIL108_G09_L02_1_All.txt,RIL108_G09_L02_1_S176_L004_1.fastq.gz,RIL108_G09_L02_1_S176_L004_2.fastq.gz,,
WGBS,RIL112_G02_L02_3,RIL112_G02_L02_3_S167_L004,RIL112,2,2,3,methylome_RIL112_G02_L02_3_All.txt,RIL112_G02_L02_3_S167_L004_1.fastq.gz,RIL112_G02_L02_3_S167_L004_2.fastq.gz,,
WGBS,RIL112_G02_L02_4,RIL112_G02_L02_4_S182_L004,RIL112,2,2,4,methylome_RIL112_G02_L02_4_All.txt,RIL112_G02_L02_4_S182_L004_1.fastq.gz,RIL112_G02_L02_4_S182_L004_2.fastq.gz,,
WGBS,RIL112_G09_L01_2,RIL112_G09_L01_2_S179_L004,RIL112,9,1,2,methylome_RIL112_G09_L01_2_All.txt,RIL112_G09_L01_2_S179_L004_1.fastq.gz,RIL112_G09_L01_2_S179_L004_2.fastq.gz,,
WGBS,RIL116_G02_L01_3,RIL116_G02_L01_3_S195_L004,RIL116,2,1,3,methylome_RIL116_G02_L01_3_All.txt,RIL116_G02_L01_3_S195_L004_1.fastq.gz,RIL116_G02_L01_3_S195_L004_2.fastq.gz,,
WGBS,RIL116_G02_L01_4,RIL116_G02_L01_4_S162_L004,RIL116,2,1,4,methylome_RIL116_G02_L01_4_All.txt,RIL116_G02_L01_4_S162_L004_1.fastq.gz,RIL116_G02_L01_4_S162_L004_2.fastq.gz,,
WGBS,RIL116_G02_L02_3,RIL116_G02_L02_3_S170_L004,RIL116,2,2,3,methylome_RIL116_G02_L02_3_All.txt,RIL116_G02_L02_3_S170_L004_1.fastq.gz,RIL116_G02_L02_3_S170_L004_2.fastq.gz,,
WGBS,RIL116_G02_L02_4,RIL116_G02_L02_4_S190_L004,RIL116,2,2,4,methylome_RIL116_G02_L02_4_All.txt,RIL116_G02_L02_4_S190_L004_1.fastq.gz,RIL116_G02_L02_4_S190_L004_2.fastq.gz,,
WGBS,RIL116_G09_L01_2,RIL116_G09_L01_2_S46_L002,RIL116,9,1,2,methylome_RIL116_G09_L01_2_All.txt,RIL116_G09_L01_2_S46_L002_1.fastq.gz,RIL116_G09_L01_2_S46_L002_2.fastq.gz,,
WGBS,RIL120_G02_L01_3,RIL120_G02_L01_3_S174_L004,RIL120,2,1,3,methylome_RIL120_G02_L01_3_All.txt,RIL120_G02_L01_3_S174_L004_1.fastq.gz,RIL120_G02_L01_3_S174_L004_2.fastq.gz,,
WGBS,RIL120_G02_L02_3,RIL120_G02_L02_3_S188_L004,RIL120,2,2,3,methylome_RIL120_G02_L02_3_All.txt,RIL120_G02_L02_3_S188_L004_1.fastq.gz,RIL120_G02_L02_3_S188_L004_2.fastq.gz,,
WGBS,RIL120_G09_L01_1,RIL120_G09_L01_1_S174_L004,RIL120,9,1,1,methylome_RIL120_G09_L01_1_All.txt,RIL120_G09_L01_1_S174_L004_1.fastq.gz,RIL120_G09_L01_1_S174_L004_2.fastq.gz,,
WGBS,RIL120_G09_L02_1,RIL120_G09_L02_1_S74_L003,RIL120,9,2,1,methylome_RIL120_G09_L02_1_All.txt,RIL120_G09_L02_1_S74_L003_1.fastq.gz,RIL120_G09_L02_1_S74_L003_2.fastq.gz,,
WGBS,RIL120_G09_L02_2,RIL120_G09_L02_2_S29_L001,RIL120,9,2,2,methylome_RIL120_G09_L02_2_All.txt,RIL120_G09_L02_2_S29_L001_1.fastq.gz,RIL120_G09_L02_2_S29_L001_2.fastq.gz,,
WGBS,RIL120_G02_L01_4,RIL120_G02_L01_4_S107_L004,RIL120,2,1,4,methylome_RIL120_G02_L01_4_All.txt,RIL120_G02_L01_4_S107_L004_1.fastq.gz,RIL120_G02_L01_4_S107_L004_2.fastq.gz,,
WGBS,RIL125_G02_L02_4,RIL125_G02_L02_4_S45,RIL125,2,2,4,methylome_RIL125_G02_L02_4_All.txt,RIL125_G02_L02_4_S45_1.fastq.gz,RIL125_G02_L02_4_S45_2.fastq.gz,,
WGBS,RIL125_G02_L01_4,RIL125_G02_L01_4_S2_L001,RIL125,2,1,4,methylome_RIL125_G02_L01_4_All.txt,RIL125_G02_L01_4_S2_L001_1.fastq.gz,RIL125_G02_L01_4_S2_L001_2.fastq.gz,,
WGBS,RIL125_G09_L01_2,RIL125_G09_L01_2_S146_L003,RIL125,9,1,2,methylome_RIL125_G09_L01_2_All.txt,RIL125_G09_L01_2_S146_L003_1.fastq.gz,RIL125_G09_L01_2_S146_L003_2.fastq.gz,,
WGBS,RIL125_G09_L02_1,RIL125_G09_L02_1_S50_L002,RIL125,9,2,1,methylome_RIL125_G09_L02_1_All.txt,RIL125_G09_L02_1_S50_L002_1.fastq.gz,RIL125_G09_L02_1_S50_L002_2.fastq.gz,,
WGBS,RIL125_G09_L02_2,RIL125_G09_L02_2_S51_L002,RIL125,9,2,2,methylome_RIL125_G09_L02_2_All.txt,RIL125_G09_L02_2_S51_L002_1.fastq.gz,RIL125_G09_L02_2_S51_L002_2.fastq.gz,,
WGBS,RIL125_G02_L02_3,RIL125_G02_L02_3_S96_L004,RIL125,2,2,3,methylome_RIL125_G02_L02_3_All.txt,RIL125_G02_L02_3_S96_L004_1.fastq.gz,RIL125_G02_L02_3_S96_L004_2.fastq.gz,,
WGBS,RIL126_G02_L02_4,RIL126_G02_L02_4_S60,RIL126,2,2,4,methylome_RIL126_G02_L02_4_All.txt,RIL126_G02_L02_4_S60_1.fastq.gz,RIL126_G02_L02_4_S60_2.fastq.gz,,
WGBS,RIL126_G02_L01_3,RIL126_G02_L01_3_S19_L002,RIL126,2,1,3,methylome_RIL126_G02_L01_3_All.txt,RIL126_G02_L01_3_S19_L002_1.fastq.gz,RIL126_G02_L01_3_S19_L002_2.fastq.gz,,
WGBS,RIL126_G02_L01_4,RIL126_G02_L01_4_S41_L002,RIL126,2,1,4,methylome_RIL126_G02_L01_4_All.txt,RIL126_G02_L01_4_S41_L002_1.fastq.gz,RIL126_G02_L01_4_S41_L002_2.fastq.gz,,
WGBS,RIL126_G02_L02_3,RIL126_G02_L02_3_S145_L004,RIL126,2,2,3,methylome_RIL126_G02_L02_3_All.txt,RIL126_G02_L02_3_S145_L004_1.fastq.gz,RIL126_G02_L02_3_S145_L004_2.fastq.gz,,
WGBS,RIL126_G09_L02_2,RIL126_G09_L02_2_S32_L002,RIL126,9,2,2,methylome_RIL126_G09_L02_2_All.txt,RIL126_G09_L02_2_S32_L002_1.fastq.gz,RIL126_G09_L02_2_S32_L002_2.fastq.gz,,
WGBS,RIL127_G02_L01_4,RIL127_G02_L01_4_S58,RIL127,2,1,4,methylome_RIL127_G02_L01_4_All.txt,RIL127_G02_L01_4_S58_1.fastq.gz,RIL127_G02_L01_4_S58_2.fastq.gz,,
WGBS,RIL127_G02_L01_3,RIL127_G02_L01_3_S69_L003,RIL127,2,1,3,methylome_RIL127_G02_L01_3_All.txt,RIL127_G02_L01_3_S69_L003_1.fastq.gz,RIL127_G02_L01_3_S69_L003_2.fastq.gz,,
WGBS,RIL127_G02_L02_3,RIL127_G02_L02_3_S75_L002,RIL127,2,2,3,methylome_RIL127_G02_L02_3_All.txt,RIL127_G02_L02_3_S75_L002_1.fastq.gz,RIL127_G02_L02_3_S75_L002_2.fastq.gz,,
WGBS,RIL127_G02_L02_4,RIL127_G02_L02_4_S45_L002,RIL127,2,2,4,methylome_RIL127_G02_L02_4_All.txt,RIL127_G02_L02_4_S45_L002_1.fastq.gz,RIL127_G02_L02_4_S45_L002_2.fastq.gz,,
WGBS,RIL127_G09_L01_1,RIL127_G09_L01_1_S54_L002,RIL127,9,1,1,methylome_RIL127_G09_L01_1_All.txt,RIL127_G09_L01_1_S54_L002_1.fastq.gz,RIL127_G09_L01_1_S54_L002_2.fastq.gz,,
WGBS,RIL127_G09_L01_2,RIL127_G09_L01_2_S76_L002,RIL127,9,1,2,methylome_RIL127_G09_L01_2_All.txt,RIL127_G09_L01_2_S76_L002_1.fastq.gz,RIL127_G09_L01_2_S76_L002_2.fastq.gz,,
WGBS,RIL127_G09_L02_1,RIL127_G09_L02_1_S103_L002,RIL127,9,2,1,methylome_RIL127_G09_L02_1_All.txt,RIL127_G09_L02_1_S103_L002_1.fastq.gz,RIL127_G09_L02_1_S103_L002_2.fastq.gz,,
WGBS,RIL127_G09_L02_2,RIL127_G09_L02_2_S141_L003,RIL127,9,2,2,methylome_RIL127_G09_L02_2_All.txt,RIL127_G09_L02_2_S141_L003_1.fastq.gz,RIL127_G09_L02_2_S141_L003_2.fastq.gz,,
WGBS,RIL132_G02_L01_4,RIL132_G02_L01_4_S124_L003,RIL132,2,1,4,methylome_RIL132_G02_L01_4_All.txt,RIL132_G02_L01_4_S124_L003_1.fastq.gz,RIL132_G02_L01_4_S124_L003_2.fastq.gz,,
WGBS,RIL132_G02_L02_3,RIL132_G02_L02_3_S3_L002,RIL132,2,2,3,methylome_RIL132_G02_L02_3_All.txt,RIL132_G02_L02_3_S3_L002_1.fastq.gz,RIL132_G02_L02_3_S3_L002_2.fastq.gz,,
WGBS,RIL132_G09_L02_2,RIL132_G09_L02_2_S9_L002,RIL132,9,2,2,methylome_RIL132_G09_L02_2_All.txt,RIL132_G09_L02_2_S9_L002_1.fastq.gz,RIL132_G09_L02_2_S9_L002_2.fastq.gz,,
WGBS,RIL133_G02_L01_3,RIL133_G02_L01_3_S84_L002,RIL133,2,1,3,methylome_RIL133_G02_L01_3_All.txt,RIL133_G02_L01_3_S84_L002_1.fastq.gz,RIL133_G02_L01_3_S84_L002_2.fastq.gz,,
WGBS,RIL133_G02_L01_4,RIL133_G02_L01_4_S100_L002,RIL133,2,1,4,methylome_RIL133_G02_L01_4_All.txt,RIL133_G02_L01_4_S100_L002_1.fastq.gz,RIL133_G02_L01_4_S100_L002_2.fastq.gz,,
WGBS,RIL133_G02_L02_3,RIL133_G02_L02_3_S96_L002,RIL133,2,2,3,methylome_RIL133_G02_L02_3_All.txt,RIL133_G02_L02_3_S96_L002_1.fastq.gz,RIL133_G02_L02_3_S96_L002_2.fastq.gz,,
WGBS,RIL133_G09_L01_1,RIL133_G09_L01_1_S134_L002,RIL133,9,1,1,methylome_RIL133_G09_L01_1_All.txt,RIL133_G09_L01_1_S134_L002_1.fastq.gz,RIL133_G09_L01_1_S134_L002_2.fastq.gz,,
WGBS,RIL133_G09_L01_2,RIL133_G09_L01_2_S101_L002,RIL133,9,1,2,methylome_RIL133_G09_L01_2_All.txt,RIL133_G09_L01_2_S101_L002_1.fastq.gz,RIL133_G09_L01_2_S101_L002_2.fastq.gz,,
WGBS,RIL133_G09_L02_1,RIL133_G09_L02_1_S92_L002,RIL133,9,2,1,methylome_RIL133_G09_L02_1_All.txt,RIL133_G09_L02_1_S92_L002_1.fastq.gz,RIL133_G09_L02_1_S92_L002_2.fastq.gz,,
WGBS,RIL133_G09_L02_2,RIL133_G09_L02_2_S136_L002,RIL133,9,2,2,methylome_RIL133_G09_L02_2_All.txt,RIL133_G09_L02_2_S136_L002_1.fastq.gz,RIL133_G09_L02_2_S136_L002_2.fastq.gz,,
WGBS,RIL135_G02_L01_3,RIL135_G02_L01_3_S106_L002,RIL135,2,1,3,methylome_RIL135_G02_L01_3_All.txt,RIL135_G02_L01_3_S106_L002_1.fastq.gz,RIL135_G02_L01_3_S106_L002_2.fastq.gz,,
WGBS,RIL135_G02_L01_4,RIL135_G02_L01_4_S145_L003,RIL135,2,1,4,methylome_RIL135_G02_L01_4_All.txt,RIL135_G02_L01_4_S145_L003_1.fastq.gz,RIL135_G02_L01_4_S145_L003_2.fastq.gz,,
WGBS,RIL135_G02_L02_3,RIL135_G02_L02_3_S70_L001,RIL135,2,2,3,methylome_RIL135_G02_L02_3_All.txt,RIL135_G02_L02_3_S70_L001_1.fastq.gz,RIL135_G02_L02_3_S70_L001_2.fastq.gz,,
WGBS,RIL135_G02_L02_4,RIL135_G02_L02_4_S150_L003,RIL135,2,2,4,methylome_RIL135_G02_L02_4_All.txt,RIL135_G02_L02_4_S150_L003_1.fastq.gz,RIL135_G02_L02_4_S150_L003_2.fastq.gz,,
WGBS,RIL135_G09_L01_2,RIL135_G09_L01_2_S72_L002,RIL135,9,1,2,methylome_RIL135_G09_L01_2_All.txt,RIL135_G09_L01_2_S72_L002_1.fastq.gz,RIL135_G09_L01_2_S72_L002_2.fastq.gz,,
WGBS,RIL136_G02_L01_4,RIL136_G02_L01_4_S4_L002,RIL136,2,1,4,methylome_RIL136_G02_L01_4_All.txt,RIL136_G02_L01_4_S4_L002_1.fastq.gz,RIL136_G02_L01_4_S4_L002_2.fastq.gz,,
WGBS,RIL136_G02_L02_3,RIL136_G02_L02_3_S193_L004,RIL136,2,2,3,methylome_RIL136_G02_L02_3_All.txt,RIL136_G02_L02_3_S193_L004_1.fastq.gz,RIL136_G02_L02_3_S193_L004_2.fastq.gz,,
WGBS,RIL136_G02_L02_4,RIL136_G02_L02_4_S111_L003,RIL136,2,2,4,methylome_RIL136_G02_L02_4_All.txt,RIL136_G02_L02_4_S111_L003_1.fastq.gz,RIL136_G02_L02_4_S111_L003_2.fastq.gz,,
WGBS,RIL136_G09_L01_1,RIL136_G09_L01_1_S89_L003,RIL136,9,1,1,methylome_RIL136_G09_L01_1_All.txt,RIL136_G09_L01_1_S89_L003_1.fastq.gz,RIL136_G09_L01_1_S89_L003_2.fastq.gz,,
WGBS,RIL136_G09_L01_2,RIL136_G09_L01_2_S163_L004,RIL136,9,1,2,methylome_RIL136_G09_L01_2_All.txt,RIL136_G09_L01_2_S163_L004_1.fastq.gz,RIL136_G09_L01_2_S163_L004_2.fastq.gz,,
WGBS,RIL140_G02_L02_4,RIL140_G02_L02_4_S49,RIL140,2,2,4,methylome_RIL140_G02_L02_4_All.txt,RIL140_G02_L02_4_S49_1.fastq.gz,RIL140_G02_L02_4_S49_2.fastq.gz,,
WGBS,RIL140_G02_L01_3,RIL140_G02_L01_3_S68_L001,RIL140,2,1,3,methylome_RIL140_G02_L01_3_All.txt,RIL140_G02_L01_3_S68_L001_1.fastq.gz,RIL140_G02_L01_3_S68_L001_2.fastq.gz,,
WGBS,RIL140_G02_L01_4,RIL140_G02_L01_4_S64_L001,RIL140,2,1,4,methylome_RIL140_G02_L01_4_All.txt,RIL140_G02_L01_4_S64_L001_1.fastq.gz,RIL140_G02_L01_4_S64_L001_2.fastq.gz,,
WGBS,RIL140_G09_L01_2,RIL140_G09_L01_2_S4_L001,RIL140,9,1,2,methylome_RIL140_G09_L01_2_All.txt,RIL140_G09_L01_2_S4_L001_1.fastq.gz,RIL140_G09_L01_2_S4_L001_2.fastq.gz,,
WGBS,RIL142_G02_L02_4,RIL142_G02_L02_4_S28_L002,RIL142,2,2,4,methylome_RIL142_G02_L02_4_All.txt,RIL142_G02_L02_4_S28_L002_1.fastq.gz,RIL142_G02_L02_4_S28_L002_2.fastq.gz,,
WGBS,RIL142_G09_L01_2,RIL142_G09_L01_2_S24_L002,RIL142,9,1,2,methylome_RIL142_G09_L01_2_All.txt,RIL142_G09_L01_2_S24_L002_1.fastq.gz,RIL142_G09_L01_2_S24_L002_2.fastq.gz,,
WGBS,RIL142_G09_L02_2,RIL142_G09_L02_2_S36_L002,RIL142,9,2,2,methylome_RIL142_G09_L02_2_All.txt,RIL142_G09_L02_2_S36_L002_1.fastq.gz,RIL142_G09_L02_2_S36_L002_2.fastq.gz,,
WGBS,RIL143_G02_L02_3,RIL143_G02_L02_3_S39,RIL143,2,2,3,methylome_RIL143_G02_L02_3_All.txt,RIL143_G02_L02_3_S39_1.fastq.gz,RIL143_G02_L02_3_S39_2.fastq.gz,,
WGBS,RIL143_G02_L01_4,RIL143_G02_L01_4_S57_L001,RIL143,2,1,4,methylome_RIL143_G02_L01_4_All.txt,RIL143_G02_L01_4_S57_L001_1.fastq.gz,RIL143_G02_L01_4_S57_L001_2.fastq.gz,,
WGBS,RIL143_G02_L02_4,RIL143_G02_L02_4_S14_L001,RIL143,2,2,4,methylome_RIL143_G02_L02_4_All.txt,RIL143_G02_L02_4_S14_L001_1.fastq.gz,RIL143_G02_L02_4_S14_L001_2.fastq.gz,,
WGBS,RIL143_G09_L02_2,RIL143_G09_L02_2_S156_L004,RIL143,9,2,2,methylome_RIL143_G09_L02_2_All.txt,RIL143_G09_L02_2_S156_L004_1.fastq.gz,RIL143_G09_L02_2_S156_L004_2.fastq.gz,,
WGBS,RIL143_G02_L01_3,RIL143_G02_L01_3_S7_L001,RIL143,2,1,3,methylome_RIL143_G02_L01_3_All.txt,RIL143_G02_L01_3_S7_L001_1.fastq.gz,RIL143_G02_L01_3_S7_L001_2.fastq.gz,,
WGBS,RIL146_G02_L01_3,RIL146_G02_L01_3_S15_L002,RIL146,2,1,3,methylome_RIL146_G02_L01_3_All.txt,RIL146_G02_L01_3_S15_L002_1.fastq.gz,RIL146_G02_L01_3_S15_L002_2.fastq.gz,,
WGBS,RIL146_G02_L01_4,RIL146_G02_L01_4_S133_L003,RIL146,2,1,4,methylome_RIL146_G02_L01_4_All.txt,RIL146_G02_L01_4_S133_L003_1.fastq.gz,RIL146_G02_L01_4_S133_L003_2.fastq.gz,,
WGBS,RIL146_G02_L02_3,RIL146_G02_L02_3_S27_L002,RIL146,2,2,3,methylome_RIL146_G02_L02_3_All.txt,RIL146_G02_L02_3_S27_L002_1.fastq.gz,RIL146_G02_L02_3_S27_L002_2.fastq.gz,,
WGBS,RIL146_G02_L02_4,RIL146_G02_L02_4_S26_L002,RIL146,2,2,4,methylome_RIL146_G02_L02_4_All.txt,RIL146_G02_L02_4_S26_L002_1.fastq.gz,RIL146_G02_L02_4_S26_L002_2.fastq.gz,,
WGBS,RIL146_G09_L01_2,RIL146_G09_L01_2_S109_L003,RIL146,9,1,2,methylome_RIL146_G09_L01_2_All.txt,RIL146_G09_L01_2_S109_L003_1.fastq.gz,RIL146_G09_L01_2_S109_L003_2.fastq.gz,,
WGBS,RIL146_G09_L02_1,RIL146_G09_L02_1_S20_L002,RIL146,9,2,1,methylome_RIL146_G09_L02_1_All.txt,RIL146_G09_L02_1_S20_L002_1.fastq.gz,RIL146_G09_L02_1_S20_L002_2.fastq.gz,,
WGBS,RIL146_G09_L02_2,RIL146_G09_L02_2_S86_L003,RIL146,9,2,2,methylome_RIL146_G09_L02_2_All.txt,RIL146_G09_L02_2_S86_L003_1.fastq.gz,RIL146_G09_L02_2_S86_L003_2.fastq.gz,,
WGBS,RIL147_G02_L01_4,RIL147_G02_L01_4_S53,RIL147,2,1,4,methylome_RIL147_G02_L01_4_All.txt,RIL147_G02_L01_4_S53_1.fastq.gz,RIL147_G02_L01_4_S53_2.fastq.gz,,
WGBS,RIL147_G02_L02_4,RIL147_G02_L02_4_S24_L001,RIL147,2,2,4,methylome_RIL147_G02_L02_4_All.txt,RIL147_G02_L02_4_S24_L001_1.fastq.gz,RIL147_G02_L02_4_S24_L001_2.fastq.gz,,
WGBS,RIL147_G09_L01_2,RIL147_G09_L01_2_S157_L004,RIL147,9,1,2,methylome_RIL147_G09_L01_2_All.txt,RIL147_G09_L01_2_S157_L004_1.fastq.gz,RIL147_G09_L01_2_S157_L004_2.fastq.gz,,
WGBS,RIL147_G09_L02_1,RIL147_G09_L02_1_S79_L003,RIL147,9,2,1,methylome_RIL147_G09_L02_1_All.txt,RIL147_G09_L02_1_S79_L003_1.fastq.gz,RIL147_G09_L02_1_S79_L003_2.fastq.gz,,
WGBS,RIL147_G09_L02_2,RIL147_G09_L02_2_S191_L004,RIL147,9,2,2,methylome_RIL147_G09_L02_2_All.txt,RIL147_G09_L02_2_S191_L004_1.fastq.gz,RIL147_G09_L02_2_S191_L004_2.fastq.gz,,
WGBS,RIL147_G02_L01_3,RIL147_G02_L01_3_S101_L004,RIL147,2,1,3,methylome_RIL147_G02_L01_3_All.txt,RIL147_G02_L01_3_S101_L004_1.fastq.gz,RIL147_G02_L01_3_S101_L004_2.fastq.gz,,
WGBS,RIL149_G02_L01_4,RIL149_G02_L01_4_S110_L003,RIL149,2,1,4,methylome_RIL149_G02_L01_4_All.txt,RIL149_G02_L01_4_S110_L003_1.fastq.gz,RIL149_G02_L01_4_S110_L003_2.fastq.gz,,
WGBS,RIL149_G02_L02_3,RIL149_G02_L02_3_S93_L003,RIL149,2,2,3,methylome_RIL149_G02_L02_3_All.txt,RIL149_G02_L02_3_S93_L003_1.fastq.gz,RIL149_G02_L02_3_S93_L003_2.fastq.gz,,
WGBS,RIL149_G09_L01_2,RIL149_G09_L01_2_S143_L004,RIL149,9,1,2,methylome_RIL149_G09_L01_2_All.txt,RIL149_G09_L01_2_S143_L004_1.fastq.gz,RIL149_G09_L01_2_S143_L004_2.fastq.gz,,
WGBS,RIL149_G09_L02_1,RIL149_G09_L02_1_S131_L003,RIL149,9,2,1,methylome_RIL149_G09_L02_1_All.txt,RIL149_G09_L02_1_S131_L003_1.fastq.gz,RIL149_G09_L02_1_S131_L003_2.fastq.gz,,
WGBS,RIL150_G02_L02_4,RIL150_G02_L02_4_S45_L001,RIL150,2,2,4,methylome_RIL150_G02_L02_4_All.txt,RIL150_G02_L02_4_S45_L001_1.fastq.gz,RIL150_G02_L02_4_S45_L001_2.fastq.gz,,
WGBS,RIL150_G09_L02_2,RIL150_G09_L02_2_S72_L003,RIL150,9,2,2,methylome_RIL150_G09_L02_2_All.txt,RIL150_G09_L02_2_S72_L003_1.fastq.gz,RIL150_G09_L02_2_S72_L003_2.fastq.gz,,
WGBS,RIL150_G09_L01_1,RIL150_G09_L01_1_S10_L001,RIL150,9,1,1,methylome_RIL150_G09_L01_1_All.txt,RIL150_G09_L01_1_S10_L001_1.fastq.gz,RIL150_G09_L01_1_S10_L001_2.fastq.gz,,
WGBS,RIL150_G09_L02_1,RIL150_G09_L02_1_S9_L001,RIL150,9,2,1,methylome_RIL150_G09_L02_1_All.txt,RIL150_G09_L02_1_S9_L001_1.fastq.gz,RIL150_G09_L02_1_S9_L001_2.fastq.gz,,
WGBS,RIL151_G02_L02_3,RIL151_G02_L02_3_S197_L004,RIL151,2,2,3,methylome_RIL151_G02_L02_3_All.txt,RIL151_G02_L02_3_S197_L004_1.fastq.gz,RIL151_G02_L02_3_S197_L004_2.fastq.gz,,
WGBS,RIL151_G02_L02_4,RIL151_G02_L02_4_S170_L004,RIL151,2,2,4,methylome_RIL151_G02_L02_4_All.txt,RIL151_G02_L02_4_S170_L004_1.fastq.gz,RIL151_G02_L02_4_S170_L004_2.fastq.gz,,
WGBS,RIL151_G09_L01_1,RIL151_G09_L01_1_S77_L003,RIL151,9,1,1,methylome_RIL151_G09_L01_1_All.txt,RIL151_G09_L01_1_S77_L003_1.fastq.gz,RIL151_G09_L01_1_S77_L003_2.fastq.gz,,
WGBS,RIL151_G09_L01_2,RIL151_G09_L01_2_S175_L004,RIL151,9,1,2,methylome_RIL151_G09_L01_2_All.txt,RIL151_G09_L01_2_S175_L004_1.fastq.gz,RIL151_G09_L01_2_S175_L004_2.fastq.gz,,
WGBS,RIL153_G02_L01_4,RIL153_G02_L01_4_S52,RIL153,2,1,4,methylome_RIL153_G02_L01_4_All.txt,RIL153_G02_L01_4_S52_1.fastq.gz,RIL153_G02_L01_4_S52_2.fastq.gz,,
WGBS,RIL153_G02_L01_3,RIL153_G02_L01_3_S60_L003,RIL153,2,1,3,methylome_RIL153_G02_L01_3_All.txt,RIL153_G02_L01_3_S60_L003_1.fastq.gz,RIL153_G02_L01_3_S60_L003_2.fastq.gz,,
WGBS,RIL153_G02_L02_4,RIL153_G02_L02_4_S82_L003,RIL153,2,2,4,methylome_RIL153_G02_L02_4_All.txt,RIL153_G02_L02_4_S82_L003_1.fastq.gz,RIL153_G02_L02_4_S82_L003_2.fastq.gz,,
WGBS,RIL153_G09_L01_1,RIL153_G09_L01_1_S187_L004,RIL153,9,1,1,methylome_RIL153_G09_L01_1_All.txt,RIL153_G09_L01_1_S187_L004_1.fastq.gz,RIL153_G09_L01_1_S187_L004_2.fastq.gz,,
WGBS,RIL153_G09_L01_2,RIL153_G09_L01_2_S199_L004,RIL153,9,1,2,methylome_RIL153_G09_L01_2_All.txt,RIL153_G09_L01_2_S199_L004_1.fastq.gz,RIL153_G09_L01_2_S199_L004_2.fastq.gz,,
WGBS,RIL153_G09_L02_1,RIL153_G09_L02_1_S83_L003,RIL153,9,2,1,methylome_RIL153_G09_L02_1_All.txt,RIL153_G09_L02_1_S83_L003_1.fastq.gz,RIL153_G09_L02_1_S83_L003_2.fastq.gz,,
WGBS,RIL153_G09_L02_2,RIL153_G09_L02_2_S22_L001,RIL153,9,2,2,methylome_RIL153_G09_L02_2_All.txt,RIL153_G09_L02_2_S22_L001_1.fastq.gz,RIL153_G09_L02_2_S22_L001_2.fastq.gz,,
WGBS,RIL154_G02_L01_4,RIL154_G02_L01_4_S6_L001,RIL154,2,1,4,methylome_RIL154_G02_L01_4_All.txt,RIL154_G02_L01_4_S6_L001_1.fastq.gz,RIL154_G02_L01_4_S6_L001_2.fastq.gz,,
WGBS,RIL154_G02_L02_3,RIL154_G02_L02_3_S203_L004,RIL154,2,2,3,methylome_RIL154_G02_L02_3_All.txt,RIL154_G02_L02_3_S203_L004_1.fastq.gz,RIL154_G02_L02_3_S203_L004_2.fastq.gz,,
WGBS,RIL154_G02_L02_4,RIL154_G02_L02_4_S183_L004,RIL154,2,2,4,methylome_RIL154_G02_L02_4_All.txt,RIL154_G02_L02_4_S183_L004_1.fastq.gz,RIL154_G02_L02_4_S183_L004_2.fastq.gz,,
WGBS,RIL154_G09_L02_1,RIL154_G09_L02_1_S161_L004,RIL154,9,2,1,methylome_RIL154_G09_L02_1_All.txt,RIL154_G09_L02_1_S161_L004_1.fastq.gz,RIL154_G09_L02_1_S161_L004_2.fastq.gz,,
WGBS,RIL154_G09_L01_2,RIL154_G09_L01_2_S67_L004,RIL154,9,1,2,methylome_RIL154_G09_L01_2_All.txt,RIL154_G09_L01_2_S67_L004_1.fastq.gz,RIL154_G09_L01_2_S67_L004_2.fastq.gz,,
WGBS,RIL155_G02_L02_3,RIL155_G02_L02_3_S40,RIL155,2,2,3,methylome_RIL155_G02_L02_3_All.txt,RIL155_G02_L02_3_S40_1.fastq.gz,RIL155_G02_L02_3_S40_2.fastq.gz,,
WGBS,RIL155_G02_L01_3,RIL155_G02_L01_3_S207_L004,RIL155,2,1,3,methylome_RIL155_G02_L01_3_All.txt,RIL155_G02_L01_3_S207_L004_1.fastq.gz,RIL155_G02_L01_3_S207_L004_2.fastq.gz,,
WGBS,RIL155_G02_L02_4,RIL155_G02_L02_4_S71_L003,RIL155,2,2,4,methylome_RIL155_G02_L02_4_All.txt,RIL155_G02_L02_4_S71_L003_1.fastq.gz,RIL155_G02_L02_4_S71_L003_2.fastq.gz,,
WGBS,RIL155_G09_L01_1,RIL155_G09_L01_1_S20_L001,RIL155,9,1,1,methylome_RIL155_G09_L01_1_All.txt,RIL155_G09_L01_1_S20_L001_1.fastq.gz,RIL155_G09_L01_1_S20_L001_2.fastq.gz,,
WGBS,RIL155_G09_L01_2,RIL155_G09_L01_2_S33_L001,RIL155,9,1,2,methylome_RIL155_G09_L01_2_All.txt,RIL155_G09_L01_2_S33_L001_1.fastq.gz,RIL155_G09_L01_2_S33_L001_2.fastq.gz,,
WGBS,RIL155_G09_L02_1,RIL155_G09_L02_1_S67_L003,RIL155,9,2,1,methylome_RIL155_G09_L02_1_All.txt,RIL155_G09_L02_1_S67_L003_1.fastq.gz,RIL155_G09_L02_1_S67_L003_2.fastq.gz,,
WGBS,RIL158_G02_L01_3,RIL158_G02_L01_3_S205_L004,RIL158,2,1,3,methylome_RIL158_G02_L01_3_All.txt,RIL158_G02_L01_3_S205_L004_1.fastq.gz,RIL158_G02_L01_3_S205_L004_2.fastq.gz,,
WGBS,RIL158_G02_L01_4,RIL158_G02_L01_4_S204_L004,RIL158,2,1,4,methylome_RIL158_G02_L01_4_All.txt,RIL158_G02_L01_4_S204_L004_1.fastq.gz,RIL158_G02_L01_4_S204_L004_2.fastq.gz,,
WGBS,RIL158_G02_L02_3,RIL158_G02_L02_3_S70_L003,RIL158,2,2,3,methylome_RIL158_G02_L02_3_All.txt,RIL158_G02_L02_3_S70_L003_1.fastq.gz,RIL158_G02_L02_3_S70_L003_2.fastq.gz,,
WGBS,RIL158_G02_L02_4,RIL158_G02_L02_4_S198_L004,RIL158,2,2,4,methylome_RIL158_G02_L02_4_All.txt,RIL158_G02_L02_4_S198_L004_1.fastq.gz,RIL158_G02_L02_4_S198_L004_2.fastq.gz,,
WGBS,RIL158_G09_L01_2,RIL158_G09_L01_2_S21_L001,RIL158,9,1,2,methylome_RIL158_G09_L01_2_All.txt,RIL158_G09_L01_2_S21_L001_1.fastq.gz,RIL158_G09_L01_2_S21_L001_2.fastq.gz,,
WGBS,RIL158_G09_L02_2,RIL158_G09_L02_2_S27_L001,RIL158,9,2,2,methylome_RIL158_G09_L02_2_All.txt,RIL158_G09_L02_2_S27_L001_1.fastq.gz,RIL158_G09_L02_2_S27_L001_2.fastq.gz,,
WGBS,RIL162_G02_L01_3,RIL162_G02_L01_3_S136_L003,RIL162,2,1,3,methylome_RIL162_G02_L01_3_All.txt,RIL162_G02_L01_3_S136_L003_1.fastq.gz,RIL162_G02_L01_3_S136_L003_2.fastq.gz,,
WGBS,RIL162_G02_L01_4,RIL162_G02_L01_4_S185_L004,RIL162,2,1,4,methylome_RIL162_G02_L01_4_All.txt,RIL162_G02_L01_4_S185_L004_1.fastq.gz,RIL162_G02_L01_4_S185_L004_2.fastq.gz,,
WGBS,RIL162_G02_L02_3,RIL162_G02_L02_3_S29_L002,RIL162,2,2,3,methylome_RIL162_G02_L02_3_All.txt,RIL162_G02_L02_3_S29_L002_1.fastq.gz,RIL162_G02_L02_3_S29_L002_2.fastq.gz,,
WGBS,RIL162_G02_L02_4,RIL162_G02_L02_4_S40_L002,RIL162,2,2,4,methylome_RIL162_G02_L02_4_All.txt,RIL162_G02_L02_4_S40_L002_1.fastq.gz,RIL162_G02_L02_4_S40_L002_2.fastq.gz,,
WGBS,RIL162_G09_L02_1,RIL162_G09_L02_1_S33_L002,RIL162,9,2,1,methylome_RIL162_G09_L02_1_All.txt,RIL162_G09_L02_1_S33_L002_1.fastq.gz,RIL162_G09_L02_1_S33_L002_2.fastq.gz,,
WGBS,RIL162_G09_L02_2,RIL162_G09_L02_2_S49_L002,RIL162,9,2,2,methylome_RIL162_G09_L02_2_All.txt,RIL162_G09_L02_2_S49_L002_1.fastq.gz,RIL162_G09_L02_2_S49_L002_2.fastq.gz,,
WGBS,RIL163_G02_L02_4,RIL163_G02_L02_4_S54,RIL163,2,2,4,methylome_RIL163_G02_L02_4_All.txt,RIL163_G02_L02_4_S54_1.fastq.gz,RIL163_G02_L02_4_S54_2.fastq.gz,,
WGBS,RIL163_G02_L01_3,RIL163_G02_L01_3_S178_L004,RIL163,2,1,3,methylome_RIL163_G02_L01_3_All.txt,RIL163_G02_L01_3_S178_L004_1.fastq.gz,RIL163_G02_L01_3_S178_L004_2.fastq.gz,,
WGBS,RIL163_G02_L01_4,RIL163_G02_L01_4_S32_L001,RIL163,2,1,4,methylome_RIL163_G02_L01_4_All.txt,RIL163_G02_L01_4_S32_L001_1.fastq.gz,RIL163_G02_L01_4_S32_L001_2.fastq.gz,,
WGBS,RIL163_G02_L02_3,RIL163_G02_L02_3_S12_L001,RIL163,2,2,3,methylome_RIL163_G02_L02_3_All.txt,RIL163_G02_L02_3_S12_L001_1.fastq.gz,RIL163_G02_L02_3_S12_L001_2.fastq.gz,,
WGBS,RIL163_G09_L01_2,RIL163_G09_L01_2_S66_L003,RIL163,9,1,2,methylome_RIL163_G09_L01_2_All.txt,RIL163_G09_L01_2_S66_L003_1.fastq.gz,RIL163_G09_L01_2_S66_L003_2.fastq.gz,,
WGBS,RIL165_G02_L01_3,RIL165_G02_L01_3_S55,RIL165,2,1,3,methylome_RIL165_G02_L01_3_All.txt,RIL165_G02_L01_3_S55_1.fastq.gz,RIL165_G02_L01_3_S55_2.fastq.gz,,
WGBS,RIL165_G02_L02_3,RIL165_G02_L02_3_S36_L001,RIL165,2,2,3,methylome_RIL165_G02_L02_3_All.txt,RIL165_G02_L02_3_S36_L001_1.fastq.gz,RIL165_G02_L02_3_S36_L001_2.fastq.gz,,
WGBS,RIL165_G02_L02_4,RIL165_G02_L02_4_S155_L004,RIL165,2,2,4,methylome_RIL165_G02_L02_4_All.txt,RIL165_G02_L02_4_S155_L004_1.fastq.gz,RIL165_G02_L02_4_S155_L004_2.fastq.gz,,
WGBS,RIL165_G09_L01_1,RIL165_G09_L01_1_S8_L001,RIL165,9,1,1,methylome_RIL165_G09_L01_1_All.txt,RIL165_G09_L01_1_S8_L001_1.fastq.gz,RIL165_G09_L01_1_S8_L001_2.fastq.gz,,
WGBS,RIL165_G09_L01_2,RIL165_G09_L01_2_S49_L001,RIL165,9,1,2,methylome_RIL165_G09_L01_2_All.txt,RIL165_G09_L01_2_S49_L001_1.fastq.gz,RIL165_G09_L01_2_S49_L001_2.fastq.gz,,
WGBS,RIL165_G09_L02_1,RIL165_G09_L02_1_S39_L001,RIL165,9,2,1,methylome_RIL165_G09_L02_1_All.txt,RIL165_G09_L02_1_S39_L001_1.fastq.gz,RIL165_G09_L02_1_S39_L001_2.fastq.gz,,
WGBS,RIL165_G09_L02_2,RIL165_G09_L02_2_S208_L004,RIL165,9,2,2,methylome_RIL165_G09_L02_2_All.txt,RIL165_G09_L02_2_S208_L004_1.fastq.gz,RIL165_G09_L02_2_S208_L004_2.fastq.gz,,
WGBS,RIL166_G02_L01_3,RIL166_G02_L01_3_S1_L004,RIL166,2,1,3,methylome_RIL166_G02_L01_3_All.txt,RIL166_G02_L01_3_S1_L004_1.fastq.gz,RIL166_G02_L01_3_S1_L004_2.fastq.gz,,
WGBS,RIL166_G02_L01_4,RIL166_G02_L01_4_S165_L004,RIL166,2,1,4,methylome_RIL166_G02_L01_4_All.txt,RIL166_G02_L01_4_S165_L004_1.fastq.gz,RIL166_G02_L01_4_S165_L004_2.fastq.gz,,
WGBS,RIL166_G02_L02_4,RIL166_G02_L02_4_S175_L004,RIL166,2,2,4,methylome_RIL166_G02_L02_4_All.txt,RIL166_G02_L02_4_S175_L004_1.fastq.gz,RIL166_G02_L02_4_S175_L004_2.fastq.gz,,
WGBS,RIL166_G09_L01_1,RIL166_G09_L01_1_S181_L004,RIL166,9,1,1,methylome_RIL166_G09_L01_1_All.txt,RIL166_G09_L01_1_S181_L004_1.fastq.gz,RIL166_G09_L01_1_S181_L004_2.fastq.gz,,
WGBS,RIL166_G09_L01_2,RIL166_G09_L01_2_S56_L001,RIL166,9,1,2,methylome_RIL166_G09_L01_2_All.txt,RIL166_G09_L01_2_S56_L001_1.fastq.gz,RIL166_G09_L01_2_S56_L001_2.fastq.gz,,
WGBS,RIL166_G09_L02_2,RIL166_G09_L02_2_S9_L001,RIL166,9,2,2,methylome_RIL166_G09_L02_2_All.txt,RIL166_G09_L02_2_S9_L001_1.fastq.gz,RIL166_G09_L02_2_S9_L001_2.fastq.gz,,
WGBS,RIL167_G02_L01_3,RIL167_G02_L01_3_S37_L001,RIL167,2,1,3,methylome_RIL167_G02_L01_3_All.txt,RIL167_G02_L01_3_S37_L001_1.fastq.gz,RIL167_G02_L01_3_S37_L001_2.fastq.gz,,
WGBS,RIL167_G02_L01_4,RIL167_G02_L01_4_S11_L001,RIL167,2,1,4,methylome_RIL167_G02_L01_4_All.txt,RIL167_G02_L01_4_S11_L001_1.fastq.gz,RIL167_G02_L01_4_S11_L001_2.fastq.gz,,
WGBS,RIL167_G02_L02_3,RIL167_G02_L02_3_S48_L001,RIL167,2,2,3,methylome_RIL167_G02_L02_3_All.txt,RIL167_G02_L02_3_S48_L001_1.fastq.gz,RIL167_G02_L02_3_S48_L001_2.fastq.gz,,
WGBS,RIL167_G02_L02_4,RIL167_G02_L02_4_S43_L001,RIL167,2,2,4,methylome_RIL167_G02_L02_4_All.txt,RIL167_G02_L02_4_S43_L001_1.fastq.gz,RIL167_G02_L02_4_S43_L001_2.fastq.gz,,
WGBS,RIL167_G09_L01_1,RIL167_G09_L01_1_S31_L001,RIL167,9,1,1,methylome_RIL167_G09_L01_1_All.txt,RIL167_G09_L01_1_S31_L001_1.fastq.gz,RIL167_G09_L01_1_S31_L001_2.fastq.gz,,
WGBS,RIL167_G09_L02_2,RIL167_G09_L02_2_S38_L001,RIL167,9,2,2,methylome_RIL167_G09_L02_2_All.txt,RIL167_G09_L02_2_S38_L001_1.fastq.gz,RIL167_G09_L02_2_S38_L001_2.fastq.gz,,
WGBS,RIL168_G02_L02_4,RIL168_G02_L02_4_S43,RIL168,2,2,4,methylome_RIL168_G02_L02_4_All.txt,RIL168_G02_L02_4_S43_1.fastq.gz,RIL168_G02_L02_4_S43_2.fastq.gz,,
WGBS,RIL168_G02_L02_3,RIL168_G02_L02_3_S27_L001,RIL168,2,2,3,methylome_RIL168_G02_L02_3_All.txt,RIL168_G02_L02_3_S27_L001_1.fastq.gz,RIL168_G02_L02_3_S27_L001_2.fastq.gz,,
WGBS,RIL168_G09_L01_1,RIL168_G09_L01_1_S34_L001,RIL168,9,1,1,methylome_RIL168_G09_L01_1_All.txt,RIL168_G09_L01_1_S34_L001_1.fastq.gz,RIL168_G09_L01_1_S34_L001_2.fastq.gz,,
WGBS,RIL168_G09_L01_2,RIL168_G09_L01_2_S148_L004,RIL168,9,1,2,methylome_RIL168_G09_L01_2_All.txt,RIL168_G09_L01_2_S148_L004_1.fastq.gz,RIL168_G09_L01_2_S148_L004_2.fastq.gz,,
WGBS,RIL168_G02_L01_3,RIL168_G02_L01_3_S14_L001,RIL168,2,1,3,methylome_RIL168_G02_L01_3_All.txt,RIL168_G02_L01_3_S14_L001_1.fastq.gz,RIL168_G02_L01_3_S14_L001_2.fastq.gz,,
WGBS,RIL170_G02_L01_3,RIL170_G02_L01_3_S189_L004,RIL170,2,1,3,methylome_RIL170_G02_L01_3_All.txt,RIL170_G02_L01_3_S189_L004_1.fastq.gz,RIL170_G02_L01_3_S189_L004_2.fastq.gz,,
WGBS,RIL170_G02_L01_4,RIL170_G02_L01_4_S19_L001,RIL170,2,1,4,methylome_RIL170_G02_L01_4_All.txt,RIL170_G02_L01_4_S19_L001_1.fastq.gz,RIL170_G02_L01_4_S19_L001_2.fastq.gz,,
WGBS,RIL170_G02_L02_4,RIL170_G02_L02_4_S7_L001,RIL170,2,2,4,methylome_RIL170_G02_L02_4_All.txt,RIL170_G02_L02_4_S7_L001_1.fastq.gz,RIL170_G02_L02_4_S7_L001_2.fastq.gz,,
WGBS,RIL170_G09_L02_1,RIL170_G09_L02_1_S105_L003,RIL170,9,2,1,methylome_RIL170_G09_L02_1_All.txt,RIL170_G09_L02_1_S105_L003_1.fastq.gz,RIL170_G09_L02_1_S105_L003_2.fastq.gz,,
WGBS,RIL172_G02_L01_3,RIL172_G02_L01_3_S15_L001,RIL172,2,1,3,methylome_RIL172_G02_L01_3_All.txt,RIL172_G02_L01_3_S15_L001_1.fastq.gz,RIL172_G02_L01_3_S15_L001_2.fastq.gz,,
WGBS,RIL172_G02_L02_3,RIL172_G02_L02_3_S137_L003,RIL172,2,2,3,methylome_RIL172_G02_L02_3_All.txt,RIL172_G02_L02_3_S137_L003_1.fastq.gz,RIL172_G02_L02_3_S137_L003_2.fastq.gz,,
WGBS,RIL172_G02_L02_4,RIL172_G02_L02_4_S81_L003,RIL172,2,2,4,methylome_RIL172_G02_L02_4_All.txt,RIL172_G02_L02_4_S81_L003_1.fastq.gz,RIL172_G02_L02_4_S81_L003_2.fastq.gz,,
WGBS,RIL172_G09_L01_1,RIL172_G09_L01_1_S196_L004,RIL172,9,1,1,methylome_RIL172_G09_L01_1_All.txt,RIL172_G09_L01_1_S196_L004_1.fastq.gz,RIL172_G09_L01_1_S196_L004_2.fastq.gz,,
WGBS,RIL172_G02_L01_4,RIL172_G02_L01_4_S104_L004,RIL172,2,1,4,methylome_RIL172_G02_L01_4_All.txt,RIL172_G02_L01_4_S104_L004_1.fastq.gz,RIL172_G02_L01_4_S104_L004_2.fastq.gz,,
WGBS,RIL173_G02_L01_3,RIL173_G02_L01_3_S144_L003,RIL173,2,1,3,methylome_RIL173_G02_L01_3_All.txt,RIL173_G02_L01_3_S144_L003_1.fastq.gz,RIL173_G02_L01_3_S144_L003_2.fastq.gz,,
WGBS,RIL173_G02_L02_3,RIL173_G02_L02_3_S139_L003,RIL173,2,2,3,methylome_RIL173_G02_L02_3_All.txt,RIL173_G02_L02_3_S139_L003_1.fastq.gz,RIL173_G02_L02_3_S139_L003_2.fastq.gz,,
WGBS,RIL173_G02_L02_4,RIL173_G02_L02_4_S94_L003,RIL173,2,2,4,methylome_RIL173_G02_L02_4_All.txt,RIL173_G02_L02_4_S94_L003_1.fastq.gz,RIL173_G02_L02_4_S94_L003_2.fastq.gz,,
WGBS,RIL173_G09_L01_1,RIL173_G09_L01_1_S96_L003,RIL173,9,1,1,methylome_RIL173_G09_L01_1_All.txt,RIL173_G09_L01_1_S96_L003_1.fastq.gz,RIL173_G09_L01_1_S96_L003_2.fastq.gz,,
WGBS,RIL173_G09_L01_2,RIL173_G09_L01_2_S141_L004,RIL173,9,1,2,methylome_RIL173_G09_L01_2_All.txt,RIL173_G09_L01_2_S141_L004_1.fastq.gz,RIL173_G09_L01_2_S141_L004_2.fastq.gz,,
WGBS,RIL173_G09_L02_1,RIL173_G09_L02_1_S129_L003,RIL173,9,2,1,methylome_RIL173_G09_L02_1_All.txt,RIL173_G09_L02_1_S129_L003_1.fastq.gz,RIL173_G09_L02_1_S129_L003_2.fastq.gz,,
WGBS,RIL173_G09_L02_2,RIL173_G09_L02_2_S115_L003,RIL173,9,2,2,methylome_RIL173_G09_L02_2_All.txt,RIL173_G09_L02_2_S115_L003_1.fastq.gz,RIL173_G09_L02_2_S115_L003_2.fastq.gz,,
WGBS,RIL175_G02_L02_3,RIL175_G02_L02_3_S38,RIL175,2,2,3,methylome_RIL175_G02_L02_3_All.txt,RIL175_G02_L02_3_S38_1.fastq.gz,RIL175_G02_L02_3_S38_2.fastq.gz,,
WGBS,RIL175_G02_L01_3,RIL175_G02_L01_3_S31_L002,RIL175,2,1,3,methylome_RIL175_G02_L01_3_All.txt,RIL175_G02_L01_3_S31_L002_1.fastq.gz,RIL175_G02_L01_3_S31_L002_2.fastq.gz,,
WGBS,RIL175_G02_L01_4,RIL175_G02_L01_4_S30_L002,RIL175,2,1,4,methylome_RIL175_G02_L01_4_All.txt,RIL175_G02_L01_4_S30_L002_1.fastq.gz,RIL175_G02_L01_4_S30_L002_2.fastq.gz,,
WGBS,RIL175_G02_L02_4,RIL175_G02_L02_4_S34_L002,RIL175,2,2,4,methylome_RIL175_G02_L02_4_All.txt,RIL175_G02_L02_4_S34_L002_1.fastq.gz,RIL175_G02_L02_4_S34_L002_2.fastq.gz,,
WGBS,RIL175_G09_L01_1,RIL175_G09_L01_1_S37_L002,RIL175,9,1,1,methylome_RIL175_G09_L01_1_All.txt,RIL175_G09_L01_1_S37_L002_1.fastq.gz,RIL175_G09_L01_1_S37_L002_2.fastq.gz,,
WGBS,RIL175_G09_L02_2,RIL175_G09_L02_2_S23_L002,RIL175,9,2,2,methylome_RIL175_G09_L02_2_All.txt,RIL175_G09_L02_2_S23_L002_1.fastq.gz,RIL175_G09_L02_2_S23_L002_2.fastq.gz,,
WGBS,RIL175_G09_L02_1,RIL175_G09_L02_1_S16_L001,RIL175,9,2,1,methylome_RIL175_G09_L02_1_All.txt,RIL175_G09_L02_1_S16_L001_1.fastq.gz,RIL175_G09_L02_1_S16_L001_2.fastq.gz,,
WGBS,RIL180_G02_L01_3,RIL180_G02_L01_3_S84_L003,RIL180,2,1,3,methylome_RIL180_G02_L01_3_All.txt,RIL180_G02_L01_3_S84_L003_1.fastq.gz,RIL180_G02_L01_3_S84_L003_2.fastq.gz,,
WGBS,RIL180_G02_L02_3,RIL180_G02_L02_3_S71_L003,RIL180,2,2,3,methylome_RIL180_G02_L02_3_All.txt,RIL180_G02_L02_3_S71_L003_1.fastq.gz,RIL180_G02_L02_3_S71_L003_2.fastq.gz,,
WGBS,RIL180_G02_L02_4,RIL180_G02_L02_4_S108_L003,RIL180,2,2,4,methylome_RIL180_G02_L02_4_All.txt,RIL180_G02_L02_4_S108_L003_1.fastq.gz,RIL180_G02_L02_4_S108_L003_2.fastq.gz,,
WGBS,RIL180_G09_L01_1,RIL180_G09_L01_1_S117_L003,RIL180,9,1,1,methylome_RIL180_G09_L01_1_All.txt,RIL180_G09_L01_1_S117_L003_1.fastq.gz,RIL180_G09_L01_1_S117_L003_2.fastq.gz,,
WGBS,RIL180_G09_L02_1,RIL180_G09_L02_1_S118_L003,RIL180,9,2,1,methylome_RIL180_G09_L02_1_All.txt,RIL180_G09_L02_1_S118_L003_1.fastq.gz,RIL180_G09_L02_1_S118_L003_2.fastq.gz,,
WGBS,RIL180_G09_L02_2,RIL180_G09_L02_2_S58_L002,RIL180,9,2,2,methylome_RIL180_G09_L02_2_All.txt,RIL180_G09_L02_2_S58_L002_1.fastq.gz,RIL180_G09_L02_2_S58_L002_2.fastq.gz,,
WGBS,RIL182_G02_L01_4,RIL182_G02_L01_4_S147_L004,RIL182,2,1,4,methylome_RIL182_G02_L01_4_All.txt,RIL182_G02_L01_4_S147_L004_1.fastq.gz,RIL182_G02_L01_4_S147_L004_2.fastq.gz,,
WGBS,RIL182_G02_L02_3,RIL182_G02_L02_3_S102_L003,RIL182,2,2,3,methylome_RIL182_G02_L02_3_All.txt,RIL182_G02_L02_3_S102_L003_1.fastq.gz,RIL182_G02_L02_3_S102_L003_2.fastq.gz,,
WGBS,RIL182_G02_L02_4,RIL182_G02_L02_4_S78_L003,RIL182,2,2,4,methylome_RIL182_G02_L02_4_All.txt,RIL182_G02_L02_4_S78_L003_1.fastq.gz,RIL182_G02_L02_4_S78_L003_2.fastq.gz,,
WGBS,RIL182_G09_L01_1,RIL182_G09_L01_1_S66_L002,RIL182,9,1,1,methylome_RIL182_G09_L01_1_All.txt,RIL182_G09_L01_1_S66_L002_1.fastq.gz,RIL182_G09_L01_1_S66_L002_2.fastq.gz,,
WGBS,RIL182_G02_L01_3,RIL182_G02_L01_3_S105_L004,RIL182,2,1,3,methylome_RIL182_G02_L01_3_All.txt,RIL182_G02_L01_3_S105_L004_1.fastq.gz,RIL182_G02_L01_3_S105_L004_2.fastq.gz,,
WGBS,RIL186_G02_L01_3,RIL186_G02_L01_3_S155_L003,RIL186,2,1,3,methylome_RIL186_G02_L01_3_All.txt,RIL186_G02_L01_3_S155_L003_1.fastq.gz,RIL186_G02_L01_3_S155_L003_2.fastq.gz,,
WGBS,RIL186_G02_L01_4,RIL186_G02_L01_4_S156_L003,RIL186,2,1,4,methylome_RIL186_G02_L01_4_All.txt,RIL186_G02_L01_4_S156_L003_1.fastq.gz,RIL186_G02_L01_4_S156_L003_2.fastq.gz,,
WGBS,RIL186_G09_L01_1,RIL186_G09_L01_1_S171_L003,RIL186,9,1,1,methylome_RIL186_G09_L01_1_All.txt,RIL186_G09_L01_1_S171_L003_1.fastq.gz,RIL186_G09_L01_1_S171_L003_2.fastq.gz,,
WGBS,RIL186_G09_L01_2,RIL186_G09_L01_2_S119_L003,RIL186,9,1,2,methylome_RIL186_G09_L01_2_All.txt,RIL186_G09_L01_2_S119_L003_1.fastq.gz,RIL186_G09_L01_2_S119_L003_2.fastq.gz,,
WGBS,RIL186_G02_L02_3,RIL186_G02_L02_3_S148_L003,RIL186,2,2,3,methylome_RIL186_G02_L02_3_All.txt,RIL186_G02_L02_3_S148_L003_1.fastq.gz,RIL186_G02_L02_3_S148_L003_2.fastq.gz,,
WGBS,RIL186_G02_L02_4,RIL186_G02_L02_4_S77_L002,RIL186,2,2,4,methylome_RIL186_G02_L02_4_All.txt,RIL186_G02_L02_4_S77_L002_1.fastq.gz,RIL186_G02_L02_4_S77_L002_2.fastq.gz,,
WGBS,RIL186_G09_L02_1,RIL186_G09_L02_1_S147_L003,RIL186,9,2,1,methylome_RIL186_G09_L02_1_All.txt,RIL186_G09_L02_1_S147_L003_1.fastq.gz,RIL186_G09_L02_1_S147_L003_2.fastq.gz,,
WGBS,RIL190_G02_L01_3,RIL190_G02_L01_3_S69_L001,RIL190,2,1,3,methylome_RIL190_G02_L01_3_All.txt,RIL190_G02_L01_3_S69_L001_1.fastq.gz,RIL190_G02_L01_3_S69_L001_2.fastq.gz,,
WGBS,RIL190_G02_L01_4,RIL190_G02_L01_4_S124_L002,RIL190,2,1,4,methylome_RIL190_G02_L01_4_All.txt,RIL190_G02_L01_4_S124_L002_1.fastq.gz,RIL190_G02_L01_4_S124_L002_2.fastq.gz,,
WGBS,RIL190_G02_L02_3,RIL190_G02_L02_3_S99_L002,RIL190,2,2,3,methylome_RIL190_G02_L02_3_All.txt,RIL190_G02_L02_3_S99_L002_1.fastq.gz,RIL190_G02_L02_3_S99_L002_2.fastq.gz,,
WGBS,RIL190_G02_L02_4,RIL190_G02_L02_4_S52_L002,RIL190,2,2,4,methylome_RIL190_G02_L02_4_All.txt,RIL190_G02_L02_4_S52_L002_1.fastq.gz,RIL190_G02_L02_4_S52_L002_2.fastq.gz,,
WGBS,RIL190_G09_L01_1,RIL190_G09_L01_1_S95_L002,RIL190,9,1,1,methylome_RIL190_G09_L01_1_All.txt,RIL190_G09_L01_1_S95_L002_1.fastq.gz,RIL190_G09_L01_1_S95_L002_2.fastq.gz,,
WGBS,RIL190_G09_L01_2,RIL190_G09_L01_2_S114_L002,RIL190,9,1,2,methylome_RIL190_G09_L01_2_All.txt,RIL190_G09_L01_2_S114_L002_1.fastq.gz,RIL190_G09_L01_2_S114_L002_2.fastq.gz,,
WGBS,RIL190_G09_L02_2,RIL190_G09_L02_2_S137_L002,RIL190,9,2,2,methylome_RIL190_G09_L02_2_All.txt,RIL190_G09_L02_2_S137_L002_1.fastq.gz,RIL190_G09_L02_2_S137_L002_2.fastq.gz,,
WGBS,RIL191_G02_L02_3,RIL191_G02_L02_3_S13_L001,RIL191,2,2,3,methylome_RIL191_G02_L02_3_All.txt,RIL191_G02_L02_3_S13_L001_1.fastq.gz,RIL191_G02_L02_3_S13_L001_2.fastq.gz,,
WGBS,RIL191_G02_L02_4,RIL191_G02_L02_4_S202_L004,RIL191,2,2,4,methylome_RIL191_G02_L02_4_All.txt,RIL191_G02_L02_4_S202_L004_1.fastq.gz,RIL191_G02_L02_4_S202_L004_2.fastq.gz,,
WGBS,RIL191_G09_L02_1,RIL191_G09_L02_1_S59_L003,RIL191,9,2,1,methylome_RIL191_G09_L02_1_All.txt,RIL191_G09_L02_1_S59_L003_1.fastq.gz,RIL191_G09_L02_1_S59_L003_2.fastq.gz,,
WGBS,RIL191_G09_L02_2,RIL191_G09_L02_2_S5_L001,RIL191,9,2,2,methylome_RIL191_G09_L02_2_All.txt,RIL191_G09_L02_2_S5_L001_1.fastq.gz,RIL191_G09_L02_2_S5_L001_2.fastq.gz,,
WGBS,RIL192_G02_L01_3,RIL192_G02_L01_3_S120_L002,RIL192,2,1,3,methylome_RIL192_G02_L01_3_All.txt,RIL192_G02_L01_3_S120_L002_1.fastq.gz,RIL192_G02_L01_3_S120_L002_2.fastq.gz,,
WGBS,RIL192_G02_L01_4,RIL192_G02_L01_4_S138_L002,RIL192,2,1,4,methylome_RIL192_G02_L01_4_All.txt,RIL192_G02_L01_4_S138_L002_1.fastq.gz,RIL192_G02_L01_4_S138_L002_2.fastq.gz,,
WGBS,RIL192_G02_L02_3,RIL192_G02_L02_3_S89_L002,RIL192,2,2,3,methylome_RIL192_G02_L02_3_All.txt,RIL192_G02_L02_3_S89_L002_1.fastq.gz,RIL192_G02_L02_3_S89_L002_2.fastq.gz,,
WGBS,RIL192_G02_L02_4,RIL192_G02_L02_4_S140_L003,RIL192,2,2,4,methylome_RIL192_G02_L02_4_All.txt,RIL192_G02_L02_4_S140_L003_1.fastq.gz,RIL192_G02_L02_4_S140_L003_2.fastq.gz,,
WGBS,RIL192_G09_L01_1,RIL192_G09_L01_1_S107_L002,RIL192,9,1,1,methylome_RIL192_G09_L01_1_All.txt,RIL192_G09_L01_1_S107_L002_1.fastq.gz,RIL192_G09_L01_1_S107_L002_2.fastq.gz,,
WGBS,RIL192_G09_L01_2,RIL192_G09_L01_2_S135_L002,RIL192,9,1,2,methylome_RIL192_G09_L01_2_All.txt,RIL192_G09_L01_2_S135_L002_1.fastq.gz,RIL192_G09_L01_2_S135_L002_2.fastq.gz,,
WGBS,RIL192_G09_L02_1,RIL192_G09_L02_1_S58_L001,RIL192,9,2,1,methylome_RIL192_G09_L02_1_All.txt,RIL192_G09_L02_1_S58_L001_1.fastq.gz,RIL192_G09_L02_1_S58_L001_2.fastq.gz,,
WGBS,RIL192_G09_L02_2,RIL192_G09_L02_2_S66_L001,RIL192,9,2,2,methylome_RIL192_G09_L02_2_All.txt,RIL192_G09_L02_2_S66_L001_1.fastq.gz,RIL192_G09_L02_2_S66_L001_2.fastq.gz,,
,,,,,,,,,,,
WGBS,Control_Col_WT_1,Control_Col_WT_1,Col-0,,,,methylome_Control_Col_WT_1_merge_All.txt,Control_Col_WT_1_23HGT3LT4_L6_1.fq.gz,Control_Col_WT_1_23HGT3LT4_L6_2.fq.gz,Control_Col_WT_1_23HK3VLT4_L5_1.fq.gz,Control_Col_WT_1_23HK3VLT4_L5_2.fq.gz
WGBS,Control_Col_WT_2,Control_Col_WT_2,Col-0,,,,methylome_Control_Col_WT_2_merge_All.txt,Control_Col_WT_2_23HGT3LT4_L6_1.fq.gz,Control_Col_WT_2_23HGT3LT4_L6_2.fq.gz,Control_Col_WT_2_23HK3VLT4_L6_1.fq.gz,Control_Col_WT_2_23HK3VLT4_L6_2.fq.gz
WGBS,Control_Col_WT_3,Control_Col_WT_3,Col-0,,,,methylome_Control_Col_WT_3_merge_All.txt,Control_Col_WT_3_23HGT3LT4_L6_1.fq.gz,Control_Col_WT_3_23HGT3LT4_L6_2.fq.gz,Control_Col_WT_3_23HK3VLT4_L6_1.fq.gz,Control_Col_WT_3_23HK3VLT4_L6_2.fq.gz
WGBS,VIM2_mutant_1,VIM2_mutant_N664186_186-1,Col-0; vim2 (NASC ID: N664186),,,,methylome_VIM2_mutant_N664186_186-1_merge_All.txt,VIM2_mutant_N664186_186-1_23HGT3LT4_L6_1.fq.gz,VIM2_mutant_N664186_186-1_23HGT3LT4_L6_2.fq.gz,VIM2_mutant_N664186_186-1_23HK3VLT4_L5_1.fq.gz,VIM2_mutant_N664186_186-1_23HK3VLT4_L5_2.fq.gz
WGBS,VIM2_mutant_2,VIM2_mutant_N664186_186-2,Col-0; vim2 (NASC ID: N664186),,,,methylome_VIM2_mutant_N664186_186-2_merge_All.txt,VIM2_mutant_N664186_186-2_23HGT3LT4_L6_1.fq.gz,VIM2_mutant_N664186_186-2_23HGT3LT4_L6_2.fq.gz,VIM2_mutant_N664186_186-2_23HK3VLT4_L5_1.fq.gz,VIM2_mutant_N664186_186-2_23HK3VLT4_L5_2.fq.gz
WGBS,VIM2_mutant_3,VIM2_mutant_N664186_186-3,Col-0; vim2 (NASC ID: N664186),,,,methylome_VIM2_mutant_N664186_186-3_merge_All.txt,VIM2_mutant_N664186_186-3_23HGT3LT4_L6_1.fq.gz,VIM2_mutant_N664186_186-3_23HGT3LT4_L6_2.fq.gz,VIM2_mutant_N664186_186-3_23HK3VLT4_L5_1.fq.gz,VIM2_mutant_N664186_186-3_23HK3VLT4_L5_2.fq.gz
WGBS,VIM4_mutant_1,VIM4_mutant_N675753_753-1,Col-0; vim4 (NASC ID: N675753),,,,methylome_VIM4_mutant_N675753_753-1_merge_All.txt,VIM4_mutant_N675753_753-1_23HGT3LT4_L7_1.fq.gz,VIM4_mutant_N675753_753-1_23HGT3LT4_L7_2.fq.gz,VIM4_mutant_N675753_753-1_23HK3VLT4_L5_1.fq.gz,VIM4_mutant_N675753_753-1_23HK3VLT4_L5_2.fq.gz
WGBS,VIM4_mutant_2,VIM4_mutant_N675753_753-2,Col-0; vim4 (NASC ID: N675753),,,,methylome_VIM4_mutant_N675753_753-2_merge_All.txt,VIM4_mutant_N675753_753-2_23HGT3LT4_L7_1.fq.gz,VIM4_mutant_N675753_753-2_23HGT3LT4_L7_2.fq.gz,VIM4_mutant_N675753_753-2_23HK3VLT4_L5_1.fq.gz,VIM4_mutant_N675753_753-2_23HK3VLT4_L5_2.fq.gz
WGBS,VIM4_mutant_3,VIM4_mutant_N675753_753-3,Col-0; vim4 (NASC ID: N675753),,,,methylome_VIM4_mutant_N675753_753-3_merge_All.txt,VIM4_mutant_N675753_753-3_23HGT3LT4_L6_1.fq.gz,VIM4_mutant_N675753_753-3_23HGT3LT4_L6_2.fq.gz,VIM4_mutant_N675753_753-3_23HK3VLT4_L5_1.fq.gz,VIM4_mutant_N675753_753-3_23HK3VLT4_L5_2.fq.gz
WGBS,OX_Col_VIM2_Col_1-1,OX_Col_VIM2_Col_1-1,Col-0,,,,methylome_OX_Col_VIM2_Col_1-1_merged_All.txt,OX_Col_VIM2_Col_1-1_23HJV2LT4_L5_1.fq.gz,OX_Col_VIM2_Col_1-1_23HJV2LT4_L5_2.fq.gz,OX_Col_VIM2_Col_1-1_23HJVTLT4_L7_1.fq.gz,OX_Col_VIM2_Col_1-1_23HJVTLT4_L7_2.fq.gz
WGBS,OX_Col_VIM2_Col_7-1,OX_Col_VIM2_Col_7-1,Col-0,,,,methylome_OX_Col_VIM2_Col_7-1_merged_All.txt,OX_Col_VIM2_Col_7-1_23HH77LT4_L7_1.fq.gz,OX_Col_VIM2_Col_7-1_23HH77LT4_L7_2.fq.gz,OX_Col_VIM2_Col_7-1_23HHFKLT4_L6_1.fq.gz,OX_Col_VIM2_Col_7-1_23HHFKLT4_L6_2.fq.gz
WGBS,OX_Col_VIM2_Col_7-2,OX_Col_VIM2_Col_7-2,Col-0,,,,methylome_OX_Col_VIM2_Col_7-2_merged_All.txt,OX_Col_VIM2_Col_7-2_23HH77LT4_L7_1.fq.gz,OX_Col_VIM2_Col_7-2_23HH77LT4_L7_2.fq.gz,OX_Col_VIM2_Col_7-2_23HHFKLT4_L6_1.fq.gz,OX_Col_VIM2_Col_7-2_23HHFKLT4_L6_2.fq.gz
WGBS,OX_Col_VIM2_Cvi_3-1,OX_Col_VIM2_Cvi_3-1,Col-0,,,,methylome_OX_Col_VIM2_Cvi_3-1_merged_All.txt,OX_Col_VIM2_Cvi_3-1_L6_1.fq.gz,OX_Col_VIM2_Cvi_3-1_L6_2.fq.gz,OX_Col_VIM2_Cvi_3-1_L8_1.fq.gz,OX_Col_VIM2_Cvi_3-1_L8_2.fq.gz
WGBS,OX_Col_VIM2_Cvi_3-2,OX_Col_VIM2_Cvi_3-2,Col-0,,,,methylome_OX_Col_VIM2_Cvi_3-2_merge_All.txt,OX_Col_VIM2_Cvi_3-2_23HGT3LT4_L6_1.fq.gz,OX_Col_VIM2_Cvi_3-2_23HGT3LT4_L6_2.fq.gz,OX_Col_VIM2_Cvi_3-2_23HK3VLT4_L6_1.fq.gz,OX_Col_VIM2_Cvi_3-2_23HK3VLT4_L6_2.fq.gz
WGBS,OX_Col_VIM2_Cvi_3-3,OX_Col_VIM2_Cvi_3-3,Col-0,,,,methylome_OX_Col_VIM2_Cvi_3-3_merged_All.txt,OX_Col_VIM2_Cvi_3-3_L6_1.fq.gz,OX_Col_VIM2_Cvi_3-3_L6_2.fq.gz,OX_Col_VIM2_Cvi_3-3_L8_1.fq.gz,OX_Col_VIM2_Cvi_3-3_L8_2.fq.gz
WGBS,OX_Col_VIM4_Col_5-1,OX_Col_VIM4_Col_5-1,Col-0,,,,methylome_OX_Col_VIM4_Col_5-1_merged_All.txt,OX_Col_VIM4_Col_5-1_23HH77LT4_L7_1.fq.gz,OX_Col_VIM4_Col_5-1_23HH77LT4_L7_2.fq.gz,OX_Col_VIM4_Col_5-1_23HHFKLT4_L5_1.fq.gz,OX_Col_VIM4_Col_5-1_23HHFKLT4_L5_2.fq.gz
WGBS,OX_Col_VIM4_Col_7-3,OX_Col_VIM4_Col_7-3,Col-0,,,,methylome_OX_Col_VIM4_Col_7-3_merged_All.txt,OX_Col_VIM4_Col_7-3_23HH77LT4_L7_1.fq.gz,OX_Col_VIM4_Col_7-3_23HH77LT4_L7_2.fq.gz,OX_Col_VIM4_Col_7-3_23HHFKLT4_L6_1.fq.gz,OX_Col_VIM4_Col_7-3_23HHFKLT4_L6_2.fq.gz
WGBS,OX_Col_VIM4_Col_7-5,OX_Col_VIM4_Col_7-5,Col-0,,,,methylome_OX_Col_VIM4_Col_7-5_merged_All.txt,OX_Col_VIM4_Col_7-5_23HH77LT4_L7_1.fq.gz,OX_Col_VIM4_Col_7-5_23HH77LT4_L7_2.fq.gz,OX_Col_VIM4_Col_7-5_23HHFKLT4_L5_1.fq.gz,OX_Col_VIM4_Col_7-5_23HHFKLT4_L5_2.fq.gz
WGBS,OX_Col_VIM4_Cvi_1-1,OX_Col_VIM4_Cvi_1-1,Col-0,,,,methylome_OX_Col_VIM4_Cvi_1-1_merged_All.txt,OX_Col_VIM4_Cvi_1-1_L6_1.fq.gz,OX_Col_VIM4_Cvi_1-1_L6_2.fq.gz,OX_Col_VIM4_Cvi_1-1_L8_1.fq.gz,OX_Col_VIM4_Cvi_1-1_L8_2.fq.gz
WGBS,OX_Col_VIM4_Cvi_1-2,OX_Col_VIM4_Cvi_1-2,Col-0,,,,methylome_OX_Col_VIM4_Cvi_1-2_merge_All.txt,OX_Col_VIM4_Cvi_1-2_23HGT3LT4_L6_1.fq.gz,OX_Col_VIM4_Cvi_1-2_23HGT3LT4_L6_2.fq.gz,OX_Col_VIM4_Cvi_1-2_23HK3VLT4_L6_1.fq.gz,OX_Col_VIM4_Cvi_1-2_23HK3VLT4_L6_2.fq.gz
WGBS,OX_Col_VIM24_Col_4-1,OX_Col_VIM24_Col_4-1,Col-0,,,,methylome_OX_Col_VIM24_Col_4-1_merge_All.txt,OX_Col_VIM24_Col_4-1_23HGT3LT4_L6_1.fq.gz,OX_Col_VIM24_Col_4-1_23HGT3LT4_L6_2.fq.gz,OX_Col_VIM24_Col_4-1_23HK3VLT4_L6_1.fq.gz,OX_Col_VIM24_Col_4-1_23HK3VLT4_L6_2.fq.gz
WGBS,OX_Col_VIM24_Col_4-2,OX_Col_VIM24_Col_4-2,Col-0,,,,methylome_OX_Col_VIM24_Col_4-2_merge_All.txt,OX_Col_VIM24_Col_4-2_23HGT3LT4_L6_1.fq.gz,OX_Col_VIM24_Col_4-2_23HGT3LT4_L6_2.fq.gz,OX_Col_VIM24_Col_4-2_23HK3VLT4_L6_1.fq.gz,OX_Col_VIM24_Col_4-2_23HK3VLT4_L6_2.fq.gz
WGBS,OX_Col_VIM24_Col_5-1,OX_Col_VIM24_Col_5-1,Col-0,,,,methylome_OX_Col_VIM24_Col_5-1_merged_All.txt,OX_Col_VIM24_Col_5-1_23HJV2LT4_L5_1.fq.gz,OX_Col_VIM24_Col_5-1_23HJV2LT4_L5_2.fq.gz,OX_Col_VIM24_Col_5-1_23HJVTLT4_L7_1.fq.gz,OX_Col_VIM24_Col_5-1_23HJVTLT4_L7_2.fq.gz
WGBS,OX_Col_VIM24_Col_5-2,OX_Col_VIM24_Col_5-2,Col-0,,,,methylome_OX_Col_VIM24_Col_5-2_merged_All.txt,OX_Col_VIM24_Col_5-2_23HJV2LT4_L5_1.fq.gz,OX_Col_VIM24_Col_5-2_23HJV2LT4_L5_2.fq.gz,OX_Col_VIM24_Col_5-2_23HJVTLT4_L7_1.fq.gz,OX_Col_VIM24_Col_5-2_23HJVTLT4_L7_2.fq.gz
WGBS,OX_Col_VIM24_Col_7-2,OX_Col_VIM24_Col_7-2,Col-0,,,,methylome_OX_Col_VIM24_Col_7-2_merged_All.txt,OX_Col_VIM24_Col_7-2_23HH77LT4_L7_1.fq.gz,OX_Col_VIM24_Col_7-2_23HH77LT4_L7_2.fq.gz,OX_Col_VIM24_Col_7-2_23HHFKLT4_L6_1.fq.gz,OX_Col_VIM24_Col_7-2_23HHFKLT4_L6_2.fq.gz
WGBS,OX_Col_VIM24_Col_7-3,OX_Col_VIM24_Col_7-3,Col-0,,,,methylome_OX_Col_VIM24_Col_7-3_merged_All.txt,OX_Col_VIM24_Col_7-3_23HH77LT4_L7_1.fq.gz,OX_Col_VIM24_Col_7-3_23HH77LT4_L7_2.fq.gz,OX_Col_VIM24_Col_7-3_23HHFKLT4_L6_1.fq.gz,OX_Col_VIM24_Col_7-3_23HHFKLT4_L6_2.fq.gz
,,,,,,,,,,,
,,,,,,,,,,,
RNA-seq,RIL15_G03_L01_1_1,Ler_Cvi_RIL_HIGH_RIL015_G03_L1-1_S16,RIL15,3,1,1,Ler_Cvi_RIL_HIGH_RIL015_G03_L1-1_S16_counts.txt,Ler_Cvi_RIL_HIGH_RIL015_G03_L1-1_S16_1.fq.gz,Ler_Cvi_RIL_HIGH_RIL015_G03_L1-1_S16_2.fq.gz,,
RNA-seq,RIL15_G03_L01_1_2,Ler_Cvi_RIL_HIGH_RIL015_G03_L1-2_S17,RIL15,3,1,2,Ler_Cvi_RIL_HIGH_RIL015_G03_L1-2_S17_counts.txt,Ler_Cvi_RIL_HIGH_RIL015_G03_L1-2_S17_1.fq.gz,Ler_Cvi_RIL_HIGH_RIL015_G03_L1-2_S17_2.fq.gz,,
RNA-seq,RIL15_G03_L02_2_1,Ler_Cvi_RIL_HIGH_RIL015_G03_L2-1_S18,RIL15,3,2,1,Ler_Cvi_RIL_HIGH_RIL015_G03_L2-1_S18_counts.txt,Ler_Cvi_RIL_HIGH_RIL015_G03_L2-1_S18_1.fq.gz,Ler_Cvi_RIL_HIGH_RIL015_G03_L2-1_S18_2.fq.gz,,
RNA-seq,RIL15_G03_L02_2_2,Ler_Cvi_RIL_HIGH_RIL015_G03_L2-2_S19,RIL15,3,2,2,Ler_Cvi_RIL_HIGH_RIL015_G03_L2-2_S19_counts.txt,Ler_Cvi_RIL_HIGH_RIL015_G03_L2-2_S19_1.fq.gz,Ler_Cvi_RIL_HIGH_RIL015_G03_L2-2_S19_2.fq.gz,,
RNA-seq,RIL15_G10_L02_2_2,Ler_Cvi_RIL_HIGH_RIL015_G10_L2-2_S20,RIL15,10,2,2,Ler_Cvi_RIL_HIGH_RIL015_G10_L2-2_S20_counts.txt,Ler_Cvi_RIL_HIGH_RIL015_G10_L2-2_S20_1.fq.gz,Ler_Cvi_RIL_HIGH_RIL015_G10_L2-2_S20_2.fq.gz,,
RNA-seq,RIL50_G03_L01_1_1,Ler_Cvi_RIL_HIGH_RIL050_G03_L1-1_S21,RIL50,3,1,1,Ler_Cvi_RIL_HIGH_RIL050_G03_L1-1_S21_counts.txt,Ler_Cvi_RIL_HIGH_RIL050_G03_L1-1_S21_1.fq.gz,Ler_Cvi_RIL_HIGH_RIL050_G03_L1-1_S21_2.fq.gz,,
RNA-seq,RIL50_G03_L01_1_2,Ler_Cvi_RIL_HIGH_RIL050_G03_L1-2_S22,RIL50,3,1,2,Ler_Cvi_RIL_HIGH_RIL050_G03_L1-2_S22_counts.txt,Ler_Cvi_RIL_HIGH_RIL050_G03_L1-2_S22_1.fq.gz,Ler_Cvi_RIL_HIGH_RIL050_G03_L1-2_S22_2.fq.gz,,
RNA-seq,RIL50_G03_L02_2_1,Ler_Cvi_RIL_HIGH_RIL050_G03_L2-1_S23,RIL50,3,2,1,Ler_Cvi_RIL_HIGH_RIL050_G03_L2-1_S23_counts.txt,Ler_Cvi_RIL_HIGH_RIL050_G03_L2-1_S23_1.fq.gz,Ler_Cvi_RIL_HIGH_RIL050_G03_L2-1_S23_2.fq.gz,,
RNA-seq,RIL50_G10_L01_1_2,Ler_Cvi_RIL_HIGH_RIL050_G10_L1-2_S24,RIL50,10,1,2,Ler_Cvi_RIL_HIGH_RIL050_G10_L1-2_S24_counts.txt,Ler_Cvi_RIL_HIGH_RIL050_G10_L1-2_S24_1.fq.gz,Ler_Cvi_RIL_HIGH_RIL050_G10_L1-2_S24_2.fq.gz,,
RNA-seq,RIL50_G10_L02_2_2,Ler_Cvi_RIL_HIGH_RIL050_G10_L2-2_S25,RIL50,10,2,2,Ler_Cvi_RIL_HIGH_RIL050_G10_L2-2_S25_counts.txt,Ler_Cvi_RIL_HIGH_RIL050_G10_L2-2_S25_1.fq.gz,Ler_Cvi_RIL_HIGH_RIL050_G10_L2-2_S25_2.fq.gz,,
RNA-seq,RIL155_G03_L01_1_1,Ler_Cvi_RIL_HIGH_RIL155_G03_L1-1_S35,RIL155,3,1,1,Ler_Cvi_RIL_HIGH_RIL155_G03_L1-1_S35_counts.txt,Ler_Cvi_RIL_HIGH_RIL155_G03_L1-1_S35_1.fq.gz,Ler_Cvi_RIL_HIGH_RIL155_G03_L1-1_S35_2.fq.gz,,
RNA-seq,RIL155_G03_L01_1_2,Ler_Cvi_RIL_HIGH_RIL155_G03_L1-2_S36,RIL155,3,1,2,Ler_Cvi_RIL_HIGH_RIL155_G03_L1-2_S36_counts.txt,Ler_Cvi_RIL_HIGH_RIL155_G03_L1-2_S36_1.fq.gz,Ler_Cvi_RIL_HIGH_RIL155_G03_L1-2_S36_2.fq.gz,,
RNA-seq,RIL155_G03_L02_2_2,Ler_Cvi_RIL_HIGH_RIL155_G03_L2-2_S37,RIL155,3,2,2,Ler_Cvi_RIL_HIGH_RIL155_G03_L2-2_S37_counts.txt,Ler_Cvi_RIL_HIGH_RIL155_G03_L2-2_S37_1.fq.gz,Ler_Cvi_RIL_HIGH_RIL155_G03_L2-2_S37_2.fq.gz,,
RNA-seq,RIL155_G10_L01_1_1,Ler_Cvi_RIL_HIGH_RIL155_G10_L1-1_S38,RIL155,10,1,1,Ler_Cvi_RIL_HIGH_RIL155_G10_L1-1_S38_counts.txt,Ler_Cvi_RIL_HIGH_RIL155_G10_L1-1_S38_1.fq.gz,Ler_Cvi_RIL_HIGH_RIL155_G10_L1-1_S38_2.fq.gz,,
RNA-seq,RIL155_G10_L01_1_2,Ler_Cvi_RIL_HIGH_RIL155_G10_L1-2_S39,RIL155,10,1,2,Ler_Cvi_RIL_HIGH_RIL155_G10_L1-2_S39_counts.txt,Ler_Cvi_RIL_HIGH_RIL155_G10_L1-2_S39_1.fq.gz,Ler_Cvi_RIL_HIGH_RIL155_G10_L1-2_S39_2.fq.gz,,
RNA-seq,RIL155_G10_L02_2_1,Ler_Cvi_RIL_HIGH_RIL155_G10_L2-1_S40,RIL155,10,2,1,Ler_Cvi_RIL_HIGH_RIL155_G10_L2-1_S40_counts.txt,Ler_Cvi_RIL_HIGH_RIL155_G10_L2-1_S40_1.fq.gz,Ler_Cvi_RIL_HIGH_RIL155_G10_L2-1_S40_2.fq.gz,,
RNA-seq,RIL149_G03_L01_1_1,Ler_Cvi_RIL_LOW_RIL149_G03_L1-1_S41,RIL149,3,1,1,Ler_Cvi_RIL_LOW_RIL149_G03_L1-1_S41_counts.txt,Ler_Cvi_RIL_LOW_RIL149_G03_L1-1_S41_1.fq.gz,Ler_Cvi_RIL_LOW_RIL149_G03_L1-1_S41_2.fq.gz,,
RNA-seq,RIL149_G03_L02_2_1,Ler_Cvi_RIL_LOW_RIL149_G03_L2-1_S42,RIL149,3,2,1,Ler_Cvi_RIL_LOW_RIL149_G03_L2-1_S42_counts.txt,Ler_Cvi_RIL_LOW_RIL149_G03_L2-1_S42_1.fq.gz,Ler_Cvi_RIL_LOW_RIL149_G03_L2-1_S42_2.fq.gz,,
RNA-seq,RIL149_G10_L01_1_2,Ler_Cvi_RIL_LOW_RIL149_G10_L1-2_S43,RIL149,10,1,2,Ler_Cvi_RIL_LOW_RIL149_G10_L1-2_S43_counts.txt,Ler_Cvi_RIL_LOW_RIL149_G10_L1-2_S43_1.fq.gz,Ler_Cvi_RIL_LOW_RIL149_G10_L1-2_S43_2.fq.gz,,
RNA-seq,RIL149_G10_L02_2_1,Ler_Cvi_RIL_LOW_RIL149_G10_L2-1_S44,RIL149,10,2,1,Ler_Cvi_RIL_LOW_RIL149_G10_L2-1_S44_counts.txt,Ler_Cvi_RIL_LOW_RIL149_G10_L2-1_S44_1.fq.gz,Ler_Cvi_RIL_LOW_RIL149_G10_L2-1_S44_2.fq.gz,,
RNA-seq,RIL150_G03_L02_2_2,Ler_Cvi_RIL_LOW_RIL150_G03_L2-2_S26,RIL150,3,2,2,Ler_Cvi_RIL_LOW_RIL150_G03_L2-2_S26_counts.txt,Ler_Cvi_RIL_LOW_RIL150_G03_L2-2_S26_1.fq.gz,Ler_Cvi_RIL_LOW_RIL150_G03_L2-2_S26_2.fq.gz,,
RNA-seq,RIL150_G10_L01_1_1,Ler_Cvi_RIL_LOW_RIL150_G10_L1-1_S28,RIL150,10,1,1,Ler_Cvi_RIL_LOW_RIL150_G10_L1-1_S28_counts.txt,Ler_Cvi_RIL_LOW_RIL150_G10_L1-1_S28_1.fq.gz,Ler_Cvi_RIL_LOW_RIL150_G10_L1-1_S28_2.fq.gz,,
RNA-seq,RIL150_G10_L02_2_1,Ler_Cvi_RIL_LOW_RIL150_G10_L2-1_S29,RIL150,10,2,1,Ler_Cvi_RIL_LOW_RIL150_G10_L2-1_S29_counts.txt,Ler_Cvi_RIL_LOW_RIL150_G10_L2-1_S29_1.fq.gz,Ler_Cvi_RIL_LOW_RIL150_G10_L2-1_S29_2.fq.gz,,
RNA-seq,RIL150_G10_L02_2_2,Ler_Cvi_RIL_LOW_RIL150_G10_L2-2_S27,RIL150,10,2,2,Ler_Cvi_RIL_LOW_RIL150_G10_L2-2_S27_counts.txt,Ler_Cvi_RIL_LOW_RIL150_G10_L2-2_S27_1.fq.gz,Ler_Cvi_RIL_LOW_RIL150_G10_L2-2_S27_2.fq.gz,,
RNA-seq,RIL182_G03_L01_1_1,Ler_Cvi_RIL_LOW_RIL182_G03_L1-1_S34,RIL182,3,1,1,Ler_Cvi_RIL_LOW_RIL182_G03_L1-1_S34_counts.txt,Ler_Cvi_RIL_LOW_RIL182_G03_L1-1_S34_1.fq.gz,Ler_Cvi_RIL_LOW_RIL182_G03_L1-1_S34_2.fq.gz,,
RNA-seq,RIL182_G03_L01_1_2,Ler_Cvi_RIL_LOW_RIL182_G03_L1-2_S30,RIL182,3,1,2,Ler_Cvi_RIL_LOW_RIL182_G03_L1-2_S30_counts.txt,Ler_Cvi_RIL_LOW_RIL182_G03_L1-2_S30_1.fq.gz,Ler_Cvi_RIL_LOW_RIL182_G03_L1-2_S30_2.fq.gz,,
RNA-seq,RIL182_G03_L02_2_1,Ler_Cvi_RIL_LOW_RIL182_G03_L2-1_S31,RIL182,3,2,1,Ler_Cvi_RIL_LOW_RIL182_G03_L2-1_S31_counts.txt,Ler_Cvi_RIL_LOW_RIL182_G03_L2-1_S31_1.fq.gz,Ler_Cvi_RIL_LOW_RIL182_G03_L2-1_S31_2.fq.gz,,
RNA-seq,RIL182_G03_L02_2_2,Ler_Cvi_RIL_LOW_RIL182_G03_L2-2_S32,RIL182,3,2,2,Ler_Cvi_RIL_LOW_RIL182_G03_L2-2_S32_counts.txt,Ler_Cvi_RIL_LOW_RIL182_G03_L2-2_S32_1.fq.gz,Ler_Cvi_RIL_LOW_RIL182_G03_L2-2_S32_2.fq.gz,,
RNA-seq,RIL182_G10_L01_1_1,Ler_Cvi_RIL_LOW_RIL182_G10_L1-1_S33,RIL182,10,1,1,Ler_Cvi_RIL_LOW_RIL182_G10_L1-1_S33_counts.txt,Ler_Cvi_RIL_LOW_RIL182_G10_L1-1_S33_1.fq.gz,Ler_Cvi_RIL_LOW_RIL182_G10_L1-1_S33_2.fq.gz,,
,,,,,,,,,,,
RNA-seq,Control_Col_WT_1,Control_Col_WT_1,Col-0,,,,Control_Col_WT_1_counts.txt,Control_Col_WT_1_L8_1.fq.gz,Control_Col_WT_1_L8_2.fq.gz,,
RNA-seq,Control_Col_WT_2,Control_Col_WT_2,Col-0,,,,Control_Col_WT_2_counts.txt,Control_Col_WT_2_L8_1.fq.gz,Control_Col_WT_2_L8_2.fq.gz,,
RNA-seq,Control_Col_WT_3,Control_Col_WT_3,Col-0,,,,Control_Col_WT_3_counts.txt,Control_Col_WT_3_23HK5T_L6_1.fq.gz,Control_Col_WT_3_23HK5T_L6_2.fq.gz,Control_Col_WT_3_L6_1.fq.gz,Control_Col_WT_3_L6_2.fq.gz
RNA-seq,VIM2_mutant_1,VIM2_mutant_N664186_186-1,Col-0; vim2 (NASC ID: N664186),,,,VIM2_mutant_N664186_186-1_counts.txt,VIM2_mutant_N664186_186-1_L8_1.fq.gz,VIM2_mutant_N664186_186-1_L8_2.fq.gz,,
RNA-seq,VIM2_mutant_2,VIM2_mutant_N664186_186-2,Col-0; vim2 (NASC ID: N664186),,,,VIM2_mutant_N664186_186-2_counts.txt,VIM2_mutant_N664186_186-2_L8_1.fq.gz,VIM2_mutant_N664186_186-2_L8_2.fq.gz,,
RNA-seq,VIM2_mutant_3,VIM2_mutant_N664186_186-3,Col-0; vim2 (NASC ID: N664186),,,,VIM2_mutant_N664186_186-3_counts.txt,VIM2_mutant_N664186_186-3_L8_1.fq.gz,VIM2_mutant_N664186_186-3_L8_2.fq.gz,,
RNA-seq,VIM4_mutant_1,VIM4_mutant_N675753_753-1,Col-0; vim4 (NASC ID: N675753),,,,VIM4_mutant_N675753_753-1_counts.txt,VIM4_mutant_N675753_753-1_L8_1.fq.gz,VIM4_mutant_N675753_753-1_L8_2.fq.gz,,
RNA-seq,VIM4_mutant_2,VIM4_mutant_N675753_753-2,Col-0; vim4 (NASC ID: N675753),,,,VIM4_mutant_N675753_753-2_counts.txt,VIM4_mutant_N675753_753-2_L8_1.fq.gz,VIM4_mutant_N675753_753-2_L8_2.fq.gz,,
RNA-seq,VIM4_mutant_3,VIM4_mutant_N675753_753-3,Col-0; vim4 (NASC ID: N675753),,,,VIM4_mutant_N675753_753-3_counts.txt,VIM4_mutant_N675753_753-3_L8_1.fq.gz,VIM4_mutant_N675753_753-3_L8_2.fq.gz,,
RNA-seq,OX_Col_VIM2_Col_1-1,OX_Col_VIM2_Col_1-1,Col-0,,,,OX_Col_VIM2_Col_1-1_counts.txt,OX_Col_VIM2_Col_1-1_1.fq.gz,OX_Col_VIM2_Col_1-1_2.fq.gz,,
RNA-seq,OX_Col_VIM2_Col_7-1,OX_Col_VIM2_Col_7-1,Col-0,,,,OX_Col_VIM2_Col_7-1_counts.txt,OX_Col_VIM2_Col_7-1_23M3YGLT4_L6_1.fq.gz,OX_Col_VIM2_Col_7-1_23M3YGLT4_L6_2.fq.gz,OX_Col_VIM2_Col_7-1_23M77YLT4_L1_1.fq.gz,OX_Col_VIM2_Col_7-1_23M77YLT4_L1_2.fq.gz
RNA-seq,OX_Col_VIM2_Col_7-2,OX_Col_VIM2_Col_7-2,Col-0,,,,OX_Col_VIM2_Col_7-2_counts.txt,OX_Col_VIM2_Col_7-2_23M77YLT4_L1_1.fq.gz,OX_Col_VIM2_Col_7-2_23M77YLT4_L1_2.fq.gz,,
RNA-seq,OX_Col_VIM2_Cvi_3-1,OX_Col_VIM2_Cvi_3-1,Col-0,,,,OX_Col_VIM2_Cvi_3-1_counts.txt,OX_Col_VIM2_Cvi_3-1_L8_1.fq.gz,OX_Col_VIM2_Cvi_3-1_L8_2.fq.gz,,
RNA-seq,OX_Col_VIM2_Cvi_3-2,OX_Col_VIM2_Cvi_3-2,Col-0,,,,OX_Col_VIM2_Cvi_3-2_counts.txt,OX_Col_VIM2_Cvi_3-2_L8_1.fq.gz,OX_Col_VIM2_Cvi_3-2_L8_2.fq.gz,,
RNA-seq,OX_Col_VIM2_Cvi_3-3,OX_Col_VIM2_Cvi_3-3,Col-0,,,,OX_Col_VIM2_Cvi_3-3_counts.txt,OX_Col_VIM2_Cvi_3-3_L8_1.fq.gz,OX_Col_VIM2_Cvi_3-3_L8_2.fq.gz,,
RNA-seq,OX_Col_VIM4_Col_5-1,OX_Col_VIM4_Col_5-1,Col-0,,,,OX_Col_VIM4_Col_5-1_counts.txt,OX_Col_VIM4_Col_5-1_1.fq.gz,OX_Col_VIM4_Col_5-1_2.fq.gz,,
RNA-seq,OX_Col_VIM4_Col_7-3,OX_Col_VIM4_Col_7-3,Col-0,,,,OX_Col_VIM4_Col_7-3_counts.txt,OX_Col_VIM4_Col_7-3_23M5HWLT4_L3_1.fq.gz,OX_Col_VIM4_Col_7-3_23M5HWLT4_L3_2.fq.gz,OX_Col_VIM4_Col_7-3_23M7FFLT4_L1_1.fq.gz,OX_Col_VIM4_Col_7-3_23M7FFLT4_L1_2.fq.gz
RNA-seq,OX_Col_VIM4_Col_7-5,OX_Col_VIM4_Col_7-5,Col-0,,,,OX_Col_VIM4_Col_7-5_counts.txt,OX_Col_VIM4_Col_7-5_23M5HWLT4_L3_1.fq.gz,OX_Col_VIM4_Col_7-5_23M5HWLT4_L3_2.fq.gz,OX_Col_VIM4_Col_7-5_23M7FFLT4_L1_1.fq.gz,OX_Col_VIM4_Col_7-5_23M7FFLT4_L1_2.fq.gz
RNA-seq,OX_Col_VIM4_Cvi_1-1,OX_Col_VIM4_Cvi_1-1,Col-0,,,,OX_Col_VIM4_Cvi_1-1_counts.txt,OX_Col_VIM4_Cvi_1-1_L8_1.fq.gz,OX_Col_VIM4_Cvi_1-1_L8_2.fq.gz,,
RNA-seq,OX_Col_VIM4_Cvi_1-2,OX_Col_VIM4_Cvi_1-2,Col-0,,,,OX_Col_VIM4_Cvi_1-2_counts.txt,OX_Col_VIM4_Cvi_1-2_L8_1.fq.gz,OX_Col_VIM4_Cvi_1-2_L8_2.fq.gz,,
RNA-seq,OX_Col_VIM24_Col_4-1,OX_Col_VIM24_Col_4-1,Col-0,,,,OX_Col_VIM24_Col_4-1_counts.txt,OX_Col_VIM24_Col_4-1_L8_1.fq.gz,OX_Col_VIM24_Col_4-1_L8_2.fq.gz,,
RNA-seq,OX_Col_VIM24_Col_4-2,OX_Col_VIM24_Col_4-2,Col-0,,,,OX_Col_VIM24_Col_4-2_counts.txt,OX_Col_VIM24_Col_4-2_L8_1.fq.gz,OX_Col_VIM24_Col_4-2_L8_2.fq.gz,,
RNA-seq,OX_Col_VIM24_Col_5-1,OX_Col_VIM24_Col_5-1,Col-0,,,,OX_Col_VIM24_Col_5-1_counts.txt,OX_Col_VIM24_Col_5-1_1.fq.gz,OX_Col_VIM24_Col_5-1_2.fq.gz,,
RNA-seq,OX_Col_VIM24_Col_5-2,OX_Col_VIM24_Col_5-2,Col-0,,,,OX_Col_VIM24_Col_5-2_counts.txt,OX_Col_VIM24_Col_5-2_1.fq.gz,OX_Col_VIM24_Col_5-2_2.fq.gz,,
RNA-seq,OX_Col_VIM24_Col_7-2,OX_Col_VIM24_Col_7-2,Col-0,,,,OX_Col_VIM24_Col_7-2_counts.txt,OX_Col_VIM24_Col_7-2_23M77YLT4_L1_1.fq.gz,OX_Col_VIM24_Col_7-2_23M77YLT4_L1_2.fq.gz,,
RNA-seq,OX_Col_VIM24_Col_7-3,OX_Col_VIM24_Col_7-3,Col-0,,,,OX_Col_VIM24_Col_7-3_counts.txt,OX_Col_VIM24_Col_7-3_23M77YLT4_L1_1.fq.gz,OX_Col_VIM24_Col_7-3_23M77YLT4_L1_2.fq.gz,,
,,,,,,,,,,,
,,,,,,,,,,,
ATAC-seq,RIL149_G03_L01_1_3,RIL149_G03_L01_1_1,RIL149,3,1,1,dedup_sorted_ATAC_RIL149_G03_L01_1_1_sample_peaks.narrowPeak,ATAC_RIL149_G03_L01_1_1_sample_1.fastq.gz,ATAC_RIL149_G03_L01_1_1_sample_2.fastq.gz,,
ATAC-seq,RIL149_G03_L02_1_3,RIL149_G03_L02_1_1,RIL149,3,2,1,dedup_sorted_ATAC_RIL149_G03_L02_1_1_sample_peaks.narrowPeak,ATAC_RIL149_G03_L02_1_1_sample_1.fastq.gz,ATAC_RIL149_G03_L02_1_1_sample_2.fastq.gz,,
ATAC-seq,RIL149_G010_L01_2_4,RIL149_G10_L01_2_2,RIL149,10,1,2,dedup_sorted_ATAC_RIL149_G10_L01_2_2_sample_peaks.narrowPeak,ATAC_RIL149_G10_L01_2_2_sample_1.fastq.gz,ATAC_RIL149_G10_L01_2_2_sample_2.fastq.gz,,
ATAC-seq,RIL149_G010_L02_1_4,RIL149_G10_L02_1_2,RIL149,10,2,1,dedup_sorted_ATAC_RIL149_G10_L02_1_2_sample_peaks.narrowPeak,ATAC_RIL149_G10_L02_1_2_sample_1.fastq.gz,ATAC_RIL149_G10_L02_1_2_sample_2.fastq.gz,,
ATAC-seq,RIL50_G03_L01_1_3,RIL50_G03_L01_1_1,RIL50,3,1,1,dedup_sorted_ATAC_RIL50_G03_L01_1_1_sample_peaks.narrowPeak,ATAC_RIL50_G03_L01_1_1_sample_1.fastq.gz,ATAC_RIL50_G03_L01_1_1_sample_2.fastq.gz,,
ATAC-seq,RIL50_G03_L02_1_3,RIL50_G03_L02_1_1,RIL50,3,2,1,dedup_sorted_ATAC_RIL50_G03_L02_1_1_sample_peaks.narrowPeak,ATAC_RIL50_G03_L02_1_1_sample_1.fastq.gz,ATAC_RIL50_G03_L02_1_1_sample_2.fastq.gz,,
ATAC-seq,RIL50_G010_L01_2_4,RIL50_G10_L01_2_2,RIL50,10,1,2,dedup_sorted_ATAC_RIL50_G10_L01_2_2_sample_peaks.narrowPeak,ATAC_RIL50_G10_L01_2_2_sample_1.fastq.gz,ATAC_RIL50_G10_L01_2_2_sample_2.fastq.gz,,
ATAC-seq,RIL50_G010_L02_2_4,RIL50_G10_L02_2_2,RIL50,10,2,2,dedup_sorted_ATAC_RIL50_G10_L02_2_2_sample_peaks.narrowPeak,ATAC_RIL50_G10_L02_2_2_sample_1.fastq.gz,ATAC_RIL50_G10_L02_2_2_sample_2.fastq.gz,,
