global,gene,TE,promoters,gbM,teM,UM,othergene,PVV4,CRY2,AXR.1,HH.335C,DF.162L,BH.147L,EC.480C,EC.66C,GD.86L,g2395,CH.160L,AD.121C,AD.106L,GB.112L,BH.106L,GD.97L,DF.93C,CD.108L,DF.85C,FD.59C,BF.206L,CH.200C,DF.260L,EC.88C,DF.408C,HH.375L,CH.215L,BF.116C,GH.157L,CC.318C,CD.173L,FD.90L,CD.227C,HH.360L,AD.156C,BF.325L,GH.580L,CH.610C,EC.495C,FD.81L,BF.105C,CH.284C,FD.222L,EG.66L,CH.65C,BF.221L,FD.85C,GB.150L,FD.150C,GD.460L,Erecta,BH.195L,GH.247L,BH.120L,DF.140C,T2N18,T6A23,EG.357C,F4I1,MSAT2.22,DF.77C,GB.120C,EG.75L,CH.322C,FD.111L,CC.266L,BH.88C,GH.226C,EC.83C,GD.318C,AD.92L,BF.148C,CD.800C,BF.134C,DF.250L,GD.136C,HH.440L,BF.128C,HH.117C,GD.296C,DF.328C,FD.98C,CD.87L,DF.65L,HH.171C,AD.112L,BH.109L,HH.90L,ANL2,GH.250C,GA1,C6L9,T7M24,CD.730C,CH.169C,EC.306L,BH.92L,FD.154L,CH.238C,SC5,CD.329C,FD.167L,CH.70L,HH.159C,GB.490C,VPMH47,VPMH19,GB.750C,BH.342C,FD.207L,CH.690C,AD.292L,BH.144L,EC.198L,BH.180C,BH.107L,nga151,DF.231C,DF.184L,GH.473C,GH.121L,AD.129L,HH.480C,BH.96L,CC.188L,GD.239L,DF.300C,GB.235C,CD.179L,CH.88L,CD.116L,EC.151L,DFR,GD.350L,BH.81L,HH.445L,GD.118C,CC.262C,GB.102L,HH.143C,BF.168L,DF.119L,GD.222C,EG.205L
,,,,,,,,1,1,1,1,1,1,1,1,1,1,1,1,1,1,1,1,1,1,1,1,1,1,1,1,1,1,1,1,1,1,1,1,1,1,2,2,2,2,2,2,2,2,2,2,2,2,2,2,2,2,2,2,2,2,2,2,2,2,2,2,3,3,3,3,3,3,3,3,3,3,3,3,3,3,3,3,3,3,3,3,3,3,3,3,3,3,3,3,4,4,4,4,4,4,4,4,4,4,4,4,4,4,4,4,4,4,4,4,4,5,5,5,5,5,5,5,5,5,5,5,5,5,5,5,5,5,5,5,5,5,5,5,5,5,5,5,5,5,5,5,5,5,5,5
0.00115400638973976,0.00224253142402731,0.000267834276862942,0.00180158420077197,0.00170382122934532,0.0010922988250312,0.00583823328141086,0.00329337372954135,A,A,A,A,A,A,A,A,A,A,A,A,A,A,A,A,A,A,A,A,A,A,A,A,A,A,A,A,A,A,A,A,A,A,A,A,A,A,A,A,A,A,A,A,A,A,A,A,A,A,A,A,A,A,A,A,A,A,A,A,A,A,A,A,A,A,A,A,A,A,A,A,A,A,A,A,A,A,A,A,A,A,A,A,A,A,A,A,B,B,B,B,B,B,B,B,B,B,B,B,B,B,B,B,B,B,B,B,B,B,A,A,A,A,A,A,A,A,A,A,A,A,A,A,A,A,A,A,A,A,A,A,A,A,A,A,A,B,B,B,B,B,B,B
0.00123660192522528,0.00277873238630693,0.000238672676236879,0.00164735403387835,0.00273558359156185,0.000688710065481743,0.00477758240929214,0.00421515253374576,B,B,B,B,B,B,B,B,B,B,B,B,B,B,B,B,B,B,B,B,B,B,B,B,B,B,B,B,NA,B,B,B,B,B,B,B,NA,B,B,B,B,B,B,B,B,B,B,A,A,A,B,B,NA,B,B,B,B,A,A,A,A,A,A,A,A,A,A,NA,A,A,A,A,A,B,B,A,B,B,B,B,A,A,A,B,B,B,B,B,A,NA,A,A,A,A,A,A,A,A,A,A,A,A,A,A,B,B,B,B,B,A,A,A,A,A,B,B,B,B,B,NA,NA,B,B,B,B,B,B,B,B,B,B,A,A,B,B,B,B,B,B,B,B,B,B,B
0.00138056860171227,0.00384188231481069,0.000196036624317856,0.00176368194634758,0.0040612324422295,0.000682663890533762,0.00466289336185867,0.00494210493707031,B,B,B,B,B,B,B,B,B,B,B,B,B,B,B,B,B,B,A,A,A,A,A,A,A,B,B,B,B,B,B,B,B,B,A,A,A,A,A,A,A,A,A,A,A,A,A,A,A,B,B,B,B,B,B,B,B,B,B,A,B,B,B,B,B,B,B,B,B,B,A,A,A,A,A,A,A,A,A,A,A,A,A,A,B,B,B,B,B,B,B,B,B,B,B,B,B,B,A,A,A,A,A,A,A,A,B,B,B,B,B,B,B,B,B,B,B,B,B,B,B,B,B,B,B,B,B,B,B,B,B,B,B,A,A,A,A,A,A,A,A,A,A,A
0.00159671368495792,0.00280243666884942,0.000236289068862796,0.00249555008888773,0.00276736286053431,0.00135604047621624,0.00592916587867224,0.00473149334793692,B,B,B,B,A,A,A,A,A,A,A,A,A,A,A,A,A,A,A,A,B,B,A,A,A,A,A,A,A,A,B,B,B,A,B,B,B,B,B,B,B,B,B,A,A,A,A,A,A,A,A,A,A,A,A,A,A,A,A,A,A,A,A,A,A,A,A,A,A,A,A,A,A,A,A,A,A,A,A,A,A,A,A,A,A,A,A,A,A,A,A,A,B,B,B,B,B,B,B,B,A,A,A,A,A,A,A,A,A,B,B,B,B,B,NA,NA,B,B,A,A,A,A,B,A,A,A,A,A,A,A,A,A,A,A,A,A,A,A,A,A,B,B,B,B
0.00179341888622575,0.00465332239455334,0.000344611491080327,0.00231754381391944,0.00481803108662879,0.000973845452399425,0.00656476678391697,0.00634516919754712,B,B,B,B,B,B,B,B,B,B,A,A,A,A,A,A,A,A,A,A,B,B,B,B,B,B,B,B,B,B,B,B,B,B,B,B,B,B,B,B,B,B,B,B,B,B,B,B,B,B,B,B,B,B,B,B,B,B,B,B,B,B,B,B,B,B,B,B,B,B,B,B,B,B,B,B,B,B,B,B,B,B,B,B,B,B,B,B,A,A,A,A,B,B,B,B,B,B,B,B,B,A,A,A,A,A,A,A,A,B,B,B,B,B,B,B,B,A,B,B,B,B,B,B,B,B,B,B,B,B,B,A,A,A,A,A,A,A,A,A,A,A,A,A
0.00146527082286064,0.00404398880938511,0.000170748862643475,0.00167704043769358,0.00362763407629009,0.000697346046820074,0.00471733192537174,0.00505117145341604,A,A,A,A,A,A,A,A,A,A,A,A,A,A,A,A,A,A,A,A,A,A,A,B,B,B,B,B,A,A,A,A,A,A,B,A,A,A,A,A,A,A,A,A,A,A,A,A,A,A,A,A,A,A,A,A,A,A,A,A,B,B,A,A,A,A,A,A,A,A,A,A,A,A,A,A,A,A,A,B,B,B,B,B,B,B,B,B,A,A,A,A,A,A,A,B,B,B,B,B,B,B,B,B,B,B,B,B,B,A,A,A,A,A,A,A,A,B,B,B,B,B,B,B,B,NA,NA,NA,NA,NA,NA,A,A,A,A,A,A,B,B,B,B,B,B,B
0.00094897688866288,0.00173995642130457,0.000150047683522836,0.001440974193695,0.00177922670998493,0.000540726140707869,0.00448387480158483,0.00272923371117163,A,A,A,A,A,A,A,A,A,A,A,A,A,A,A,A,A,A,A,A,A,A,A,A,A,A,A,A,A,A,A,A,A,A,A,A,A,A,A,A,A,A,A,A,A,B,B,B,B,B,B,B,B,B,B,B,B,A,A,A,A,A,A,A,A,A,A,A,A,A,A,A,A,A,A,A,A,A,A,A,A,A,A,A,A,A,A,A,A,A,A,A,A,A,A,A,A,A,A,A,A,A,A,A,A,A,A,A,A,A,A,A,A,A,A,A,A,A,A,A,A,A,A,A,A,A,A,A,A,A,A,A,A,A,A,A,B,B,B,B,B,B,A,A
0.00111133269151433,0.00228120087191707,0.000208980961605307,0.00171859115686386,0.00186433116305208,0.000844764856078833,0.00598701854240156,0.00342742929367562,A,A,A,A,A,A,A,A,A,A,A,A,A,B,B,B,B,B,B,B,B,B,B,B,B,B,B,A,A,A,A,A,A,A,B,B,B,B,B,B,B,B,B,B,B,B,B,B,B,B,B,B,B,B,B,B,B,B,B,B,A,A,A,A,A,A,A,A,A,A,A,A,A,A,A,A,A,A,A,A,A,A,A,A,A,A,A,A,A,A,A,A,A,A,A,A,NA,A,A,B,B,B,B,B,B,B,B,B,B,A,A,A,NA,A,A,A,A,A,A,B,A,A,A,A,A,A,A,A,A,A,A,A,A,A,A,A,A,A,A,A,A,A,B,B
0.000928467656591733,0.00217155441491973,0.000111028136644509,0.00132496141684849,0.00178861783860644,0.000373048131682105,0.00471635909478962,0.00353634263648746,A,A,A,A,B,B,B,B,B,B,B,A,A,A,A,A,A,A,A,A,A,A,A,A,A,B,B,A,A,B,B,B,B,B,A,A,A,A,A,A,A,A,A,A,A,A,B,B,B,B,B,B,B,B,B,B,B,B,B,A,A,A,A,A,B,B,B,B,B,B,B,B,B,B,B,B,B,B,B,B,B,B,B,B,B,B,B,B,B,B,B,B,B,B,B,A,A,A,A,A,A,A,A,A,A,A,A,A,A,B,B,B,B,B,B,B,B,B,B,B,B,NA,NA,A,A,A,A,A,A,A,A,A,A,A,A,A,A,A,A,A,B,B,B,B
0.00112228268566713,0.00255655865385193,0.000155990826558654,0.00161664406592708,0.00217161667997801,0.000740379895908963,0.00563563254856807,0.00402533095237587,B,B,B,B,B,B,B,B,B,B,B,B,B,B,B,A,A,A,A,A,A,A,A,A,A,A,A,A,A,A,B,B,B,B,B,B,B,B,B,A,A,A,A,A,A,A,A,A,A,A,A,A,A,A,A,A,A,A,A,A,B,B,B,B,B,B,B,A,A,A,A,A,A,A,A,A,A,A,A,A,A,A,A,A,A,A,A,A,A,A,A,A,A,A,A,A,A,A,A,B,B,B,B,A,A,A,A,A,A,B,B,B,B,B,B,B,A,A,A,A,A,A,A,A,A,A,A,A,A,A,A,A,A,A,A,A,A,B,B,B,B,B,B,B
0.0011987139089779,0.00281679538092109,0.000189011613641688,0.00176535747725198,0.00236466985265044,0.00100427621562343,0.00660736616231829,0.00420537114536241,A,A,A,A,A,A,A,B,B,B,A,A,A,A,A,A,A,A,A,A,A,A,A,A,A,A,A,A,A,B,B,B,B,B,B,A,A,A,A,A,A,A,A,A,A,A,A,A,A,A,A,A,A,B,B,B,B,B,B,B,B,B,B,B,B,B,B,B,B,B,B,A,A,A,A,A,A,A,A,A,A,A,A,A,B,B,B,B,B,B,B,B,B,B,B,B,NA,B,B,B,B,B,B,B,B,B,B,B,B,B,B,B,B,B,B,B,B,B,B,B,B,B,B,B,B,B,B,B,B,B,B,A,A,B,B,B,B,B,B,B,B,B,B,B
0.000856123538426125,0.00179835773307423,0.000123692173264844,0.00121506966237739,0.00160336523873035,0.000411117001096585,0.00310465620953864,0.00265170340227416,A,A,A,A,A,A,A,A,A,A,B,B,B,B,B,B,B,B,B,B,B,A,A,A,A,A,A,A,A,A,A,A,A,B,B,B,B,B,B,B,B,B,B,B,B,B,A,A,A,A,A,A,A,A,A,A,A,A,A,A,A,A,A,A,A,A,A,A,A,A,A,A,NA,A,A,A,A,A,A,A,A,A,B,B,B,B,B,B,B,B,B,B,A,A,A,A,A,A,A,A,A,A,A,A,A,A,A,A,A,B,B,A,A,A,A,A,A,A,A,A,A,A,A,A,A,A,A,A,A,A,A,A,A,A,A,A,A,A,A,B,B,B,B,A
0.00101461520058313,0.00202459704352907,0.000242595297984591,0.0016804159639836,0.00165083612300474,0.000676375587546032,0.00606249952753285,0.00318313135891255,B,B,B,B,B,B,B,B,B,B,B,B,B,B,B,B,B,B,B,B,B,B,B,B,B,A,A,A,A,A,A,A,A,A,B,A,A,A,A,A,A,A,A,A,A,A,A,A,A,A,A,A,A,A,A,A,A,A,A,A,A,A,A,A,A,A,A,A,A,A,A,A,A,A,A,A,A,A,A,A,A,A,A,A,A,A,A,A,A,A,A,A,A,A,A,A,A,A,A,A,B,B,B,B,B,B,B,B,B,A,A,A,A,A,A,A,A,B,B,B,B,B,B,B,B,A,A,A,A,A,A,A,A,A,A,B,B,B,B,B,B,B,B,B
0.00185398763328338,0.00436670271948442,0.000388192082153752,0.00217943571320334,0.00423203479681268,0.00089692187680687,0.00547018096790305,0.00539521515965406,B,B,B,B,B,B,B,A,A,A,A,B,B,B,B,B,A,B,A,A,A,A,A,A,A,A,A,B,B,B,B,B,B,B,B,B,B,B,B,B,B,B,B,B,B,B,A,A,A,A,A,A,A,B,B,B,B,B,B,B,B,B,NA,NA,B,B,B,A,A,A,A,A,A,A,A,A,A,A,A,A,A,A,A,A,A,B,B,A,B,B,B,B,B,B,B,B,A,A,A,A,A,A,A,A,A,A,B,B,B,A,A,A,A,A,A,A,A,A,A,A,A,A,A,A,A,A,A,A,A,A,A,A,A,B,B,B,B,B,B,B,B,B,B,B
0.000806361408637549,0.00190673071926719,0.000262939055569155,0.00133588279117608,0.0019891842496447,0.000392677748499204,0.00235142979936893,0.00270890945920773,B,B,B,B,B,B,B,B,B,B,B,B,B,A,A,A,A,A,A,A,A,A,A,A,A,A,A,B,B,B,B,B,B,B,B,B,B,B,B,B,B,B,B,B,B,B,B,B,B,B,B,B,B,B,B,B,B,B,B,A,B,B,B,B,B,B,B,B,B,B,B,B,B,B,B,B,B,B,B,B,B,B,B,B,B,B,B,B,B,B,B,B,B,B,B,B,B,B,B,B,B,B,A,A,A,A,A,A,A,B,B,B,B,B,B,B,B,B,B,A,A,A,A,A,A,A,A,A,A,A,A,A,A,A,A,A,A,A,A,A,A,B,B,B
0.000925870268776713,0.00232246082932024,7.40502520832632e-05,0.00121782903822254,0.0019956219867099,0.000411257056862542,0.00487908244564916,0.00339367598021327,A,B,B,B,B,B,B,B,B,B,B,B,B,B,B,B,A,B,A,A,A,A,A,A,A,A,A,A,A,A,A,A,A,A,B,B,B,B,B,B,B,B,B,B,B,B,A,A,A,A,A,A,A,A,A,A,A,A,A,A,A,A,B,B,B,B,B,B,B,B,B,A,A,A,A,A,A,A,A,A,A,A,A,A,B,B,B,B,B,B,B,B,B,B,B,B,B,B,B,B,B,B,B,B,B,B,B,B,A,B,B,B,B,A,A,A,B,B,A,B,B,B,B,B,B,B,B,B,B,B,B,B,B,B,B,B,B,B,B,B,B,B,B,A
0.00154822874991133,0.00255304031316841,0.000334722420035792,0.00233898997114612,0.00208293686862258,0.00116676994723955,0.00777105290683376,0.00451760232653803,B,B,A,A,A,A,A,A,A,A,A,A,A,A,A,A,A,A,A,A,A,A,A,A,A,A,A,A,A,A,A,A,B,B,B,B,B,B,B,B,B,B,B,B,B,B,B,B,B,B,B,A,A,A,A,A,A,A,A,A,A,A,A,A,A,A,A,A,A,NA,NA,B,B,B,A,A,A,A,A,A,A,A,A,A,A,A,A,A,B,A,A,A,A,A,A,A,A,A,A,A,A,A,A,B,A,B,B,B,B,A,A,A,A,A,A,A,A,A,A,A,A,A,A,B,B,B,B,B,B,B,B,B,B,B,B,B,B,B,B,B,B,B,B,B
0.000757392609109035,0.00180693549392963,0.000115576299394401,0.00108668056933541,0.00168209842193177,0.00045967734548999,0.00356625239885343,0.00260186461427691,A,A,A,A,A,A,A,A,A,A,A,B,B,A,A,B,B,B,B,B,B,A,A,A,A,A,A,A,A,A,A,A,A,A,B,B,B,B,B,B,B,B,A,A,A,A,A,A,A,A,A,A,A,A,B,B,A,A,A,A,A,A,A,A,A,A,A,B,B,B,B,B,B,B,B,B,B,B,B,A,A,A,A,A,A,A,A,A,A,A,A,A,A,A,A,A,A,A,A,A,A,A,A,A,A,A,A,A,A,B,B,B,B,B,B,B,B,B,B,B,B,B,B,B,B,A,A,A,A,A,A,A,A,A,A,A,A,A,A,A,A,A,A,A
0.00144025066545049,0.00338110600227926,0.000255382907309678,0.00232300076844053,0.00303058845675804,0.00111507591511407,0.00640269758403151,0.0044993954598736,A,A,A,A,A,A,A,A,A,A,A,A,A,A,A,A,A,A,A,A,A,A,A,A,A,A,A,B,B,B,B,B,B,B,B,B,A,A,A,A,A,A,A,A,A,A,A,A,A,A,A,A,A,A,A,A,A,A,A,A,A,A,A,A,A,A,A,A,B,B,B,A,A,B,B,B,B,B,B,B,B,B,B,B,B,B,B,B,B,B,A,A,A,A,A,A,A,A,A,A,A,A,A,A,B,A,A,B,B,B,B,B,B,B,B,B,B,B,A,A,A,A,A,A,A,B,B,B,B,B,B,B,B,A,A,A,A,A,A,B,B,B,B,B
0.000571689806590324,0.00144017060957664,8.72725344650958e-05,0.000849918390470399,0.00131469172169418,0.000368002440724877,0.00204278943715937,0.00221235369647528,A,A,A,A,A,A,A,B,B,B,B,B,B,B,B,A,A,A,A,A,A,A,A,A,A,A,A,A,A,A,A,A,A,A,A,A,A,A,A,A,A,A,A,A,A,A,A,A,A,A,A,A,A,A,A,A,A,A,A,A,B,B,B,B,B,B,B,B,B,B,B,B,B,B,B,B,B,B,B,B,B,B,B,B,B,B,A,A,A,B,B,B,B,B,B,B,B,B,B,B,B,B,B,B,B,B,B,B,B,A,A,A,A,A,A,A,A,A,A,A,A,A,B,B,B,B,B,B,B,B,B,B,B,A,A,A,A,A,A,A,A,A,A,A
0.00227906237337807,0.00545560428590835,0.000646815435224722,0.00313614881239626,0.00500724456801473,0.00134851739341694,0.00744314198502343,0.00604003868715501,A,A,A,A,A,A,A,A,A,A,A,A,A,A,A,A,B,B,B,B,B,B,B,B,B,B,B,B,B,B,B,B,B,A,A,B,B,B,B,B,B,B,B,B,B,B,B,B,B,B,B,B,B,B,B,B,A,A,A,A,B,B,B,B,B,B,B,B,B,B,A,A,A,A,A,A,A,A,A,B,B,B,B,B,B,B,B,B,B,B,B,B,B,B,B,B,B,B,B,A,A,A,A,A,A,A,A,A,B,B,B,B,B,B,B,B,B,B,B,B,B,B,A,A,A,A,A,A,A,A,A,A,A,A,A,A,A,A,A,A,A,A,A,A
0.000554216127841377,0.0013801033882881,2.05539887728093e-05,0.000502214986853397,0.00173175549575381,1.51939545532925e-06,0.00112544973435628,0.00201080688548139,B,B,B,B,B,B,B,B,B,B,B,A,A,A,A,A,A,A,A,A,A,A,A,A,A,A,A,A,A,A,A,A,A,A,A,A,A,A,A,A,A,A,A,A,A,A,B,B,B,B,B,B,B,B,B,A,A,A,A,A,B,B,B,B,B,B,B,A,A,A,A,A,A,A,B,B,B,B,B,B,B,B,B,B,B,B,B,B,A,A,A,A,A,A,A,A,A,A,A,A,A,A,A,A,A,A,A,A,A,A,A,A,A,A,A,A,A,A,B,B,B,B,B,A,A,A,A,A,A,A,A,A,A,B,B,B,B,B,A,A,A,A,A,A
0.0011149425368684,0.00276454527357237,0.000237603514042502,0.00167475615715571,0.00228111436303703,0.000771859959218773,0.0058674637415387,0.0035897791772907,A,A,A,A,A,A,A,B,B,B,B,B,B,B,B,B,B,B,B,B,B,B,A,A,A,A,A,A,A,A,A,A,B,B,A,A,A,A,A,A,B,B,B,B,B,B,B,B,B,B,B,B,B,B,B,B,B,A,A,A,B,B,B,B,B,B,B,B,B,B,B,NA,A,A,A,A,A,A,A,A,A,A,A,A,A,A,A,A,A,B,B,B,B,B,B,B,B,A,A,A,A,A,A,A,A,A,A,A,A,A,A,A,A,A,A,A,A,A,A,A,A,A,A,A,A,B,B,B,B,B,B,B,B,B,B,A,A,A,A,A,A,A,A,A
0.000984967802887732,0.00196378606808216,0.00018652650707736,0.00145862948193689,0.00165766323485499,0.000658146327301471,0.00483558927596343,0.00289058776584215,A,A,A,A,A,A,A,A,A,A,A,A,A,A,A,A,A,A,A,A,A,A,A,A,A,A,A,A,A,A,A,A,A,A,A,A,A,A,A,A,A,A,A,A,A,A,A,A,A,A,A,B,B,A,A,A,A,A,A,A,A,A,A,A,A,A,A,A,A,A,A,A,A,A,A,A,A,A,A,A,A,A,A,A,A,A,A,A,A,A,A,B,B,B,B,B,B,B,B,B,B,B,B,B,B,B,A,A,A,B,A,A,A,A,A,A,A,A,A,A,A,A,A,A,A,A,A,A,A,A,A,A,A,A,A,A,A,A,A,A,A,A,A,A
0.00119213901444964,0.00275706057035611,0.000155386266210521,0.00165251827843737,0.00213242355676373,0.00059020735042208,0.00591590797440599,0.0040377910867575,B,B,B,B,B,B,B,B,B,B,A,A,A,A,A,A,A,A,A,A,A,A,A,A,A,A,A,A,A,A,A,A,A,A,B,A,A,A,A,A,A,A,A,A,A,A,B,B,B,B,B,B,B,B,B,B,A,A,A,A,B,B,B,B,A,A,A,A,A,A,A,A,A,A,A,A,A,A,A,A,A,A,A,A,A,A,B,B,A,A,A,A,A,A,A,A,A,A,B,B,B,B,B,B,B,B,B,B,A,A,A,A,A,A,A,A,A,A,A,A,A,A,A,A,A,A,A,A,A,A,A,A,A,A,A,A,A,A,A,A,A,A,A,A
0.00209486702081151,0.00479550802891516,0.000358366980127656,0.00260382369437663,0.00486374057165327,0.000908285798060438,0.00662637679441059,0.00608197666220961,B,A,A,A,A,A,A,A,A,A,A,A,A,B,B,B,B,B,B,B,B,B,B,B,B,B,B,B,B,B,B,B,B,B,B,B,B,B,B,B,B,B,B,B,B,B,A,A,A,A,A,A,A,A,A,A,A,A,A,A,A,A,A,A,A,A,A,A,A,A,A,A,A,B,B,B,B,B,B,B,B,B,B,B,B,B,B,B,B,B,B,B,B,B,B,B,A,A,A,A,A,A,A,A,A,A,A,A,A,B,B,B,B,B,B,B,B,B,B,B,B,B,B,A,A,A,A,A,A,A,A,A,A,A,A,A,A,A,A,A,A,A,A,A
0.00101587679158048,0.00213073034486699,0.000283565804557864,0.00172138478268189,0.00180506624723774,0.00100298550359212,0.00498676880364763,0.00313539809819452,B,B,B,B,B,B,B,B,B,B,B,B,B,A,A,A,A,A,A,A,A,A,A,A,A,B,B,A,A,A,A,A,A,A,A,A,A,A,A,A,A,A,A,A,A,A,A,A,A,A,A,A,A,A,A,A,A,A,A,A,B,B,B,B,B,B,B,B,B,B,B,B,B,B,B,B,B,B,B,B,B,B,B,B,B,B,B,B,B,B,B,B,B,B,B,B,B,B,B,B,B,B,B,B,B,B,B,B,A,B,B,B,B,A,A,A,A,A,A,A,A,A,A,A,A,A,A,A,A,A,A,A,A,A,A,A,A,A,A,A,A,A,A,A
0.00188711346888768,0.00470628486342244,0.000229100830460908,0.00222577125098294,0.00514077166410425,0.000681997120714351,0.00624797661987299,0.00571412636064102,B,B,B,B,B,B,B,B,B,B,B,B,B,B,B,B,B,B,B,B,B,B,B,B,B,B,B,B,B,B,B,B,B,A,A,A,A,A,B,B,B,B,B,B,A,A,A,A,A,A,A,A,A,A,A,A,A,A,A,A,A,A,A,A,A,A,A,A,A,A,A,A,A,A,A,A,A,A,A,A,A,A,B,B,B,B,B,B,A,B,B,A,A,A,A,A,A,A,A,A,A,A,A,A,A,A,A,A,A,A,A,A,A,A,A,A,A,A,A,A,A,B,B,B,B,A,A,A,A,A,B,A,A,A,A,A,A,A,A,A,A,A,A,A
0.00136609822243101,0.0024401179977854,0.000287026507649823,0.00204027722205571,0.00198720412297344,0.00115103007367974,0.00678802045288801,0.00402317574522148,B,B,B,B,B,B,B,B,B,B,B,B,B,A,A,A,B,A,B,B,A,A,A,A,A,A,A,A,A,A,A,A,A,B,B,B,B,A,A,A,A,A,A,A,A,B,B,B,A,A,A,A,A,A,A,A,A,A,B,B,A,A,A,A,A,A,A,A,A,A,A,A,A,A,A,A,A,A,A,A,A,A,A,A,A,A,A,A,A,A,A,B,B,B,B,B,B,B,B,B,B,B,B,B,B,B,B,B,B,A,A,A,A,A,A,A,A,A,A,A,A,A,A,A,B,B,B,B,B,B,B,B,A,A,A,A,A,A,A,A,A,A,A,A
0.00123020696928535,0.00293564652671836,0.000165645788773128,0.00162016321016759,0.00253793486412702,0.000606213491177763,0.00399850668872604,0.00420065732475883,B,B,B,B,B,B,B,B,B,B,B,A,A,A,B,B,B,B,B,A,A,A,A,A,A,A,A,A,A,A,A,A,A,A,A,A,A,A,A,A,A,A,A,A,A,A,A,A,A,A,A,A,A,A,A,A,A,A,A,B,B,A,A,A,A,A,A,A,A,A,A,A,A,A,A,A,A,A,A,A,A,A,B,B,B,B,B,B,B,B,B,B,B,B,B,B,B,B,B,B,B,B,B,B,B,B,B,B,A,B,B,B,B,B,B,A,A,A,A,A,A,A,A,A,A,A,A,A,A,A,A,A,A,A,A,A,A,A,A,A,A,A,A,A
0.00109100662973081,0.00238069547018836,0.000213684382535386,0.0015741559477289,0.00203434009506179,0.00067766084853098,0.00532111087577568,0.00368003291836682,A,B,B,B,B,B,B,A,A,A,A,A,A,A,A,A,B,A,B,B,B,A,A,A,A,A,A,A,A,A,A,A,A,A,B,B,B,B,B,B,B,B,B,B,B,B,B,B,B,A,A,A,A,A,A,A,A,A,A,A,B,B,A,A,A,A,A,A,B,B,B,B,A,A,A,A,A,A,A,A,A,A,A,A,A,A,A,A,A,A,A,A,A,A,A,A,A,A,A,A,A,A,B,B,B,B,A,A,A,A,A,A,A,A,A,A,A,A,A,A,A,A,A,A,A,A,A,A,A,A,A,A,A,A,A,A,A,A,B,B,B,B,B,B
0.00153636915334211,0.00331029250074354,0.000305550676402899,0.00207114415967392,0.00279045551407298,0.00144720854588411,0.00685271830619544,0.00490735647511915,B,B,B,B,B,B,B,B,B,B,B,B,B,A,A,A,A,A,A,A,A,A,A,A,A,A,A,A,A,A,A,A,A,A,A,A,A,A,A,A,A,A,A,A,A,A,A,A,A,A,A,A,A,A,A,A,A,A,A,A,B,B,B,B,B,B,B,B,B,B,B,B,B,B,A,A,A,A,B,B,B,B,B,B,B,B,B,B,B,B,B,A,A,A,A,A,A,A,A,A,A,A,A,A,A,A,B,B,B,A,A,A,A,A,A,A,A,B,A,A,A,A,A,A,A,B,B,B,B,B,B,B,B,B,B,B,B,B,B,B,B,B,B,B
0.00142424187102528,0.00382234660194345,0.000280968704157546,0.00210544933898294,0.00337324186594542,0.000925962069953526,0.00586200446222777,0.00501490645983812,B,B,B,B,B,B,B,B,B,B,B,A,A,A,A,B,B,B,B,B,B,B,B,B,B,B,B,B,B,B,B,B,B,B,A,A,A,A,A,A,A,A,A,A,A,A,B,B,B,B,B,B,B,B,B,B,B,B,B,B,B,B,B,B,B,B,B,B,B,B,B,B,B,B,B,B,B,B,B,B,B,A,A,A,A,A,A,A,A,A,A,A,A,A,A,A,A,A,A,A,A,A,A,A,A,A,A,A,A,B,B,B,B,B,B,B,B,B,B,B,B,B,B,B,B,B,B,B,B,B,B,A,A,A,A,A,A,A,A,B,B,B,B,B
0.00133758645137382,0.00262455162541848,0.000195334744586809,0.00200802028507429,0.00224966038528053,0.000800161579126412,0.00649112798965893,0.00407055443878578,A,A,A,A,A,A,A,A,A,B,B,B,B,B,B,B,B,B,B,B,B,B,B,B,B,A,A,A,A,B,B,B,B,B,B,A,A,B,B,B,B,B,B,A,A,A,A,A,A,A,A,A,A,A,A,A,A,A,B,B,A,A,A,A,A,A,A,A,A,A,A,A,A,A,A,A,A,B,B,B,B,B,B,B,B,B,B,B,B,B,B,B,B,B,B,B,A,A,A,A,A,A,A,A,A,A,A,A,A,A,A,A,A,A,A,A,A,A,A,A,A,A,A,A,A,A,A,A,A,A,A,A,A,A,A,A,A,A,A,A,A,A,A,A
0.00106137583700986,0.00221883798214399,0.000187631832470745,0.00154467348730378,0.00192415830484511,0.000736616652989986,0.00573804397355809,0.00312716883930569,B,B,B,B,B,B,B,B,B,B,A,B,B,B,B,B,B,B,B,B,B,A,A,A,A,A,A,A,A,A,A,A,A,A,B,B,B,B,B,B,B,B,B,B,B,B,B,B,B,B,B,A,A,A,A,A,A,A,A,B,A,B,B,B,B,B,B,B,B,B,A,A,A,B,B,B,B,B,B,B,B,B,B,B,B,B,B,B,A,A,B,B,B,A,A,A,A,A,A,A,A,A,A,A,A,A,A,A,A,B,B,B,B,A,A,A,A,A,A,B,B,A,A,A,A,A,A,A,A,A,A,A,A,A,A,A,A,A,A,A,A,A,A,A
0.000717821098457483,0.00186428735034226,9.8725354566494e-05,0.00107411304281094,0.00185780440221324,0.000344009991466195,0.00299689224567187,0.0025824799047019,B,B,B,B,B,B,B,B,B,B,B,B,B,A,A,A,A,A,A,A,A,A,A,A,A,A,A,A,A,A,A,A,A,A,A,A,B,B,B,B,B,B,B,B,B,B,B,B,B,B,B,B,B,B,B,B,B,B,B,B,A,A,A,A,A,A,A,A,A,B,B,B,B,B,B,B,B,B,B,B,B,B,B,B,B,B,B,B,B,B,B,B,B,B,B,B,B,B,B,B,A,A,A,A,A,A,A,A,B,A,A,A,A,A,A,A,B,B,B,A,A,A,A,A,A,A,A,A,A,A,A,A,A,A,A,A,A,A,B,A,A,A,A,B
0.00114780812804651,0.00285277195023189,0.000182564243270713,0.00140907678128731,0.00324237879029738,0.000468912936138937,0.00387970093914426,0.00362784930788124,B,B,B,B,B,B,B,B,B,B,B,B,B,B,B,B,B,B,B,A,A,A,A,A,A,B,B,B,B,B,B,B,B,A,A,B,B,B,B,B,B,B,B,B,B,B,B,B,B,B,B,B,A,A,A,A,A,A,A,A,A,A,A,A,A,A,A,A,A,A,A,A,A,A,B,B,B,B,B,B,B,B,B,B,B,B,B,B,A,A,A,A,A,A,A,A,B,B,B,B,B,B,A,A,A,A,A,A,B,A,A,A,A,A,A,A,A,A,A,A,A,A,A,A,A,A,A,A,A,A,A,A,A,A,A,A,A,A,A,A,A,A,A,A
0.0011186710011006,0.00225249042035877,0.000219259558735688,0.00174921910762723,0.00186245420365471,0.000878375645307478,0.00482191630333381,0.00327984568179544,A,A,A,B,B,B,B,B,B,B,B,A,A,B,B,B,A,B,A,A,B,B,A,A,A,A,A,A,A,A,A,B,B,A,B,A,A,A,A,A,A,A,A,A,A,A,A,A,A,A,A,A,A,A,A,A,A,A,A,A,A,A,A,A,A,A,NA,B,B,B,B,A,A,A,A,A,A,A,A,A,A,A,A,A,A,A,A,A,B,B,B,B,A,A,A,A,A,A,A,A,A,A,B,B,B,B,A,A,A,A,A,A,A,A,A,A,A,A,B,B,A,A,A,A,A,A,A,A,A,A,A,A,A,A,A,A,A,A,A,A,A,A,A,A
0.000826380670377407,0.00178224399041983,0.000141206024136331,0.00124499818519858,0.00141280435986552,0.000430748049338274,0.00435648340523339,0.00271586122446586,B,B,B,B,B,B,B,B,B,B,B,B,B,B,B,B,B,B,B,B,B,B,A,A,A,A,A,A,A,A,A,A,A,A,B,B,B,B,B,B,B,B,B,A,A,A,A,A,A,A,A,A,A,A,A,A,A,B,B,B,A,A,A,A,A,A,A,A,A,A,A,A,A,A,A,A,A,A,A,A,A,A,A,A,A,A,A,A,A,A,A,A,A,A,A,A,A,A,A,A,A,A,A,A,A,A,A,A,A,B,B,A,A,A,A,A,A,A,A,B,B,B,B,A,A,A,A,A,A,A,A,A,A,A,A,A,A,A,A,A,A,A,A,A
0.000399314886135552,0.000818447474864017,0.000170116987526464,0.000783485151075806,0.000704671246542331,0.000411302286955588,0.00171778005636461,0.00201293412463864,A,A,B,B,A,A,A,A,A,A,A,B,B,B,B,B,B,B,B,B,B,B,B,B,A,A,A,B,B,B,B,B,A,A,B,B,B,B,B,B,A,A,A,A,A,A,A,B,B,B,B,B,B,B,A,A,A,A,A,A,A,A,A,A,A,A,A,A,A,A,A,A,A,A,A,A,A,B,B,B,B,B,B,B,B,B,B,B,B,A,A,A,A,A,A,NA,NA,B,B,A,A,A,A,A,A,A,B,B,B,B,B,B,B,B,B,B,B,B,B,B,B,B,B,A,A,A,A,A,A,A,A,A,A,A,A,A,A,A,A,A,A,B,B,B
0.000950468964767536,0.00241318299238429,0.000112125553392718,0.00117077064170957,0.00247888488691138,0.000440039177192244,0.00296616480174309,0.0030161669975404,B,A,A,B,B,B,B,B,B,B,B,B,B,B,B,B,B,B,B,B,B,B,B,B,B,B,B,B,B,B,B,B,B,B,A,A,B,B,B,B,B,B,B,B,B,B,B,B,B,B,B,B,B,B,B,B,B,B,A,A,A,A,A,A,A,A,A,A,A,A,A,A,A,A,A,A,A,A,A,A,A,A,A,A,A,A,B,B,A,A,A,A,B,B,B,B,B,B,B,B,B,B,B,B,B,B,B,B,B,A,A,A,A,A,A,A,A,A,A,A,A,A,A,A,A,A,A,A,A,A,A,A,A,A,A,A,A,A,A,A,A,A,A,A
0.0010143077013591,0.00198954922207361,0.000213308855278352,0.00163875145899756,0.00168093443239701,0.000949547656513634,0.00451483898863903,0.00301624010411296,A,A,A,A,A,A,A,A,A,A,A,A,A,A,A,A,A,A,A,A,A,A,A,A,A,A,A,A,A,A,A,A,A,A,A,A,A,A,A,A,A,A,A,A,A,A,A,A,A,A,A,A,A,A,A,A,A,A,A,A,A,A,A,A,A,A,A,A,A,A,A,A,B,B,B,B,B,B,B,A,A,A,A,A,A,A,A,A,A,A,A,A,A,A,A,A,A,A,A,A,A,A,A,A,A,A,A,A,A,A,A,A,A,A,A,B,B,B,B,B,B,B,B,B,B,B,B,B,B,B,B,B,B,B,B,B,B,B,B,B,B,B,B,B
0.00112359860628389,0.00283032343869712,0.000188920673972141,0.0017126100389664,0.00270663002608005,0.00065075422109732,0.00534407691701678,0.0042028740448338,B,B,B,B,B,B,B,B,B,B,B,B,B,B,B,B,B,B,B,B,B,B,B,B,A,A,A,A,A,A,A,A,A,A,A,A,A,A,A,A,A,A,B,B,B,B,B,B,B,B,B,B,B,B,B,B,B,B,B,B,A,A,A,A,A,A,A,A,A,A,A,A,A,A,A,A,A,A,A,B,B,B,B,B,B,B,B,B,B,B,B,B,A,A,A,B,B,B,B,B,A,B,B,B,B,B,B,B,B,A,A,A,A,A,A,B,A,A,A,A,A,A,A,A,A,A,B,B,B,B,B,B,B,B,B,B,B,B,B,A,B,B,B,B
0.00110084670532084,0.00231412181680534,0.000158614578562213,0.00146424441048768,0.00211722221093066,0.000656361375600679,0.00511202757639041,0.00353866465919123,B,B,B,B,B,B,B,B,B,B,B,B,B,B,B,B,A,A,A,A,A,A,A,A,A,A,A,A,A,A,A,A,A,A,A,A,A,A,A,A,A,A,A,A,A,A,A,A,A,A,A,A,A,A,A,A,A,A,A,A,A,A,B,B,B,A,A,A,A,A,A,A,A,A,A,A,A,A,A,A,A,A,A,A,A,A,A,A,B,A,A,A,A,A,A,A,A,A,B,B,B,B,B,B,B,B,B,B,B,A,A,A,A,A,A,A,A,A,A,A,A,A,A,A,A,A,A,A,A,A,A,A,A,A,A,A,A,A,A,A,A,A,A,A
0.000996458797517605,0.00221441317129456,0.000223654829561153,0.00136956186600954,0.00201587908265516,0.000721110957915444,0.00447275999134253,0.00317504563906974,B,B,B,B,B,B,B,B,B,A,A,A,A,A,A,A,A,A,A,A,A,A,A,A,A,A,A,A,A,B,A,A,A,B,A,A,A,A,A,A,A,B,B,B,B,B,B,B,B,B,B,B,A,A,A,A,A,A,A,A,B,B,B,B,B,B,B,B,B,B,B,A,A,A,A,A,A,A,A,A,A,A,A,A,A,B,B,B,B,B,B,B,B,B,B,B,B,B,B,B,B,B,B,B,B,B,B,B,B,A,A,A,A,A,A,A,A,A,A,A,A,A,A,A,A,A,A,A,A,A,A,A,A,A,A,A,A,A,A,A,A,A,A,A
0.000610836901227022,0.00163813459928076,0.0001154280181321,0.000833166294481288,0.0017417576115741,0.000287111379935333,0.00239201252287977,0.00208285908341277,B,B,B,B,B,B,B,B,B,B,B,B,B,A,A,A,A,A,A,B,B,B,B,B,B,B,B,B,B,B,B,B,B,B,A,A,A,A,A,A,A,A,A,A,A,A,A,A,A,A,A,A,B,B,B,B,B,B,B,B,A,A,A,A,A,A,A,A,A,A,A,A,A,B,B,B,B,B,B,A,A,A,A,A,A,B,B,B,B,B,B,B,B,B,B,B,B,B,B,B,A,A,A,A,A,A,A,A,A,NA,B,B,B,B,B,B,B,B,B,B,B,A,B,B,B,B,B,B,B,B,B,B,B,B,B,B,B,B,B,B,B,B,B,B
0.00104746741267457,0.00242285976610467,0.000136388766471238,0.00155731509137074,0.00220262991482489,0.000496235216997183,0.00516384643423473,0.0034755791490414,A,A,A,A,A,A,A,A,A,A,A,B,B,B,B,B,A,A,A,A,A,A,A,A,A,A,A,B,B,B,B,B,B,B,A,A,A,A,A,A,A,A,A,A,A,A,A,A,A,A,A,A,A,A,A,A,A,A,A,A,A,A,A,A,A,A,A,A,A,A,A,B,A,A,A,A,A,A,A,A,A,A,A,A,A,A,A,A,B,B,B,B,B,B,B,B,B,B,B,B,B,B,B,B,B,B,A,A,A,A,A,A,A,A,A,A,A,A,A,A,A,A,A,B,B,B,B,B,B,B,B,B,B,B,B,B,B,A,A,A,A,A,A,A
0.000841419506360897,0.00200145023609968,0.000127778360114074,0.00115646122504208,0.00192406284947472,0.000546035166696123,0.00331561300520142,0.00285085042979966,B,B,B,B,B,B,B,B,B,B,B,B,B,B,B,B,B,B,B,B,B,B,B,B,A,A,A,A,B,B,B,B,B,B,A,A,A,A,A,A,A,A,A,A,A,A,A,A,A,A,A,A,A,A,A,A,A,A,A,A,A,A,A,A,A,A,A,A,A,A,A,A,A,A,B,B,B,B,B,B,B,B,B,B,B,B,B,B,B,B,B,B,B,B,B,NA,A,A,A,A,A,A,A,B,B,B,B,B,B,A,A,A,A,A,A,A,A,A,B,B,B,B,A,A,A,A,A,A,A,A,A,A,A,A,A,B,B,B,B,B,B,B,B,B
0.00148710042239628,0.00329639102749045,1.73916109229505e-05,0.00254620116782985,0.00260055288805601,0.00102199472318921,0.00658819869596199,0.00432149926518274,B,B,B,B,B,B,B,B,B,B,B,B,B,B,B,A,A,A,A,A,A,A,A,A,A,A,A,A,A,A,A,A,A,A,B,B,B,B,B,B,B,B,B,B,B,B,B,B,B,B,B,B,B,A,A,A,A,A,A,A,B,B,B,B,B,B,B,B,B,B,B,B,B,B,B,B,B,B,B,B,B,B,B,B,B,B,B,B,B,B,B,B,B,B,B,B,B,B,B,B,B,A,A,A,A,A,A,A,A,A,B,A,A,A,A,A,A,A,A,A,A,A,A,A,A,A,A,A,B,B,B,B,B,B,B,B,B,B,B,B,B,B,B,B
0.00179571918509614,0.00425694612581836,0.000327269947157793,0.00233827556214669,0.00413032398844486,0.00121286200113084,0.00585021496910605,0.00534303086735817,B,A,A,B,B,B,B,B,B,B,B,A,A,A,A,A,B,A,B,B,B,B,B,B,B,B,B,B,B,B,B,B,A,A,A,A,A,A,A,A,A,A,A,A,A,A,A,A,A,A,A,A,A,A,A,A,A,A,A,A,B,B,B,B,B,B,B,A,A,A,A,A,A,A,A,A,A,A,A,A,A,A,A,A,A,A,A,A,B,B,B,A,A,A,B,A,A,A,A,B,B,B,A,A,A,B,B,B,A,B,B,B,B,B,B,B,B,B,B,B,B,B,B,A,A,A,A,A,B,B,B,B,B,B,B,B,B,B,B,A,A,A,A,A
0.00126827840503549,0.00243869312278674,0.000269323962096336,0.00229175093342594,0.00195888643283516,0.00138089707889802,0.00598366276758782,0.00365963765887693,B,B,NA,A,A,A,A,NA,NA,A,A,A,A,A,A,A,A,A,A,A,A,A,A,A,A,A,A,A,B,B,B,B,B,B,A,B,B,B,B,B,B,B,A,A,A,A,A,A,A,A,A,A,A,A,A,A,A,A,A,A,B,B,B,B,B,A,A,A,A,A,A,A,A,A,A,A,A,A,A,A,A,A,B,B,B,B,B,B,B,B,B,B,B,B,B,B,B,B,B,B,B,B,B,B,A,A,A,A,A,A,B,B,B,B,B,B,B,B,B,B,B,B,B,B,B,B,B,B,B,B,B,B,B,B,B,B,B,B,B,B,B,B,B,B
0.000953121804203509,0.00177267129187493,0.00024719586864241,0.00145123773741918,0.0016724157075161,0.00068062775714273,0.00392795811833928,0.00257967113970998,B,B,B,B,B,B,B,B,B,B,B,B,B,B,B,B,B,B,B,B,B,B,B,B,A,A,A,A,A,A,A,A,A,A,B,B,B,B,B,B,B,B,A,A,A,A,A,A,A,A,A,A,A,A,A,A,A,A,A,A,B,B,B,B,B,B,B,B,A,A,A,A,A,A,A,A,A,A,A,A,A,A,A,B,B,B,B,B,A,A,A,A,A,A,A,A,B,B,B,B,B,A,A,A,A,A,A,A,A,A,A,A,A,A,A,A,A,A,A,A,A,A,B,B,B,B,B,B,B,B,B,B,B,B,B,A,A,A,A,A,A,A,A,A
0.00126239216405135,0.00298346083745432,0.000270520288598887,0.00170826378077662,0.00286333480892601,0.0011934528026136,0.00539224302418392,0.00386329907390566,B,B,A,A,A,A,A,A,A,A,A,A,A,A,A,A,B,B,B,B,B,B,B,B,B,B,B,B,B,B,B,B,A,A,A,A,A,A,A,A,A,A,A,A,A,A,A,A,B,B,B,A,A,A,A,A,A,B,B,B,A,A,A,A,A,A,A,A,A,A,A,A,A,A,A,A,A,A,A,A,A,A,A,A,A,A,A,A,A,B,B,B,B,B,B,B,B,B,B,B,B,B,B,B,B,B,B,B,B,B,B,B,B,B,B,B,B,B,A,A,A,A,A,A,A,B,B,B,B,B,A,A,A,B,B,B,B,B,B,B,B,B,B,B
0.00120500086145878,0.00315830668548075,0.000178358614095999,0.00145803823745571,0.00343636577497319,0.00062467907458019,0.00387559131804609,0.00387842178238258,B,B,B,A,A,A,A,A,A,A,A,A,A,B,B,B,B,B,B,B,B,B,B,B,B,B,B,B,B,B,B,B,B,B,A,A,A,A,A,A,A,A,A,A,A,A,A,A,A,A,A,A,A,A,A,A,A,A,A,A,A,A,A,A,NA,B,B,B,B,B,B,B,A,A,B,B,B,B,B,B,B,B,B,A,A,A,A,A,B,B,B,B,B,B,B,B,B,B,B,B,B,B,B,B,B,B,B,B,B,A,A,A,A,A,A,A,A,A,A,A,A,A,A,A,A,A,A,A,A,A,A,A,A,A,A,A,A,A,A,A,A,B,B,B
0.00231293742451092,0.00533682388117879,0.000417004710540921,0.00316320150072552,0.00547830842056697,0.00141109057402772,0.00732004523875367,0.00680307899478978,B,B,B,B,B,B,B,B,B,B,B,B,B,A,A,A,A,A,A,A,A,A,A,A,B,B,B,B,B,B,B,B,B,B,B,B,B,B,A,A,A,A,A,A,A,A,B,B,B,B,B,B,B,B,B,B,B,B,A,A,B,B,B,B,B,A,A,A,A,A,A,A,A,A,A,A,A,A,A,A,A,A,A,A,A,A,A,A,B,B,B,B,B,B,B,B,B,B,B,A,A,A,A,A,A,A,A,A,A,A,A,A,A,A,A,A,A,A,A,A,A,A,A,A,A,A,A,A,A,B,B,B,B,B,B,B,B,B,B,A,A,A,A,A
0.00134672574550196,0.002729806144426,0.000258074394836469,0.00208115295445657,0.00249325210720925,0.000804098145419191,0.00705011241054195,0.00414017412483603,B,B,B,A,A,A,B,B,B,B,B,B,B,B,B,B,B,B,B,B,B,A,A,A,A,A,A,A,A,A,A,A,A,A,A,B,B,B,B,B,B,B,B,B,B,B,B,B,B,B,B,B,B,B,B,B,B,B,B,B,A,A,A,A,A,B,B,B,B,B,B,B,B,B,B,B,B,B,B,B,B,B,A,A,A,A,A,A,B,B,B,B,A,A,A,A,A,A,A,B,B,B,B,B,A,A,A,A,A,A,A,A,A,A,A,A,A,A,A,A,A,A,A,A,A,A,A,A,A,A,A,A,A,A,A,A,A,A,A,A,A,B,B,B
0.00165163918603921,0.0035306293640227,0.000309872520454487,0.00234226727141463,0.0035915149169421,0.000883511342127285,0.00606907322888196,0.0049455639664064,A,A,A,A,A,A,A,A,A,A,A,A,A,A,A,A,A,A,A,A,A,A,A,A,B,B,B,B,B,B,A,A,A,A,A,B,B,B,B,B,B,B,B,B,B,B,B,B,B,B,B,B,B,B,B,B,B,B,B,A,A,A,A,A,A,A,A,A,A,A,B,B,B,B,B,B,B,B,B,B,B,B,B,B,B,B,B,B,A,B,B,B,B,B,B,B,B,B,B,B,B,B,B,A,A,A,A,A,A,B,B,A,A,A,A,A,A,A,A,A,B,B,B,B,B,B,B,B,B,B,B,A,A,A,A,A,A,A,B,B,B,B,B,B
0.000557938182448364,0.000985827433475346,0.000195514159129788,0.00107861186056162,0.00105591278666686,0.000690887660333584,0.00436828854490379,0.00218999499760355,A,A,A,A,A,A,A,A,A,A,A,A,A,A,A,A,A,A,A,A,A,A,A,A,A,A,A,A,A,A,B,B,B,B,A,B,B,B,B,B,B,B,B,B,B,B,A,A,A,A,A,A,A,B,B,B,B,B,B,B,A,A,A,A,A,A,A,A,A,A,A,A,A,B,A,B,A,A,A,A,A,A,A,A,A,A,A,A,B,B,B,B,B,B,B,B,B,B,B,B,B,B,B,B,B,B,B,B,B,A,A,A,A,A,A,A,A,B,B,B,B,B,B,B,B,B,B,B,B,B,B,B,B,B,B,B,B,B,B,B,B,B,B,A
0.000946551355864532,0.00222673971558664,0.000171174691165122,0.00138204996183422,0.00202921774435222,0.000525133516340732,0.00472964348216962,0.00333189600580362,A,A,A,A,A,B,B,B,B,B,B,B,B,B,B,B,B,B,B,B,A,A,A,A,A,A,A,A,A,A,A,A,A,A,A,A,A,A,A,B,B,A,A,A,A,A,A,A,A,A,A,A,A,A,A,A,A,B,B,B,B,A,A,A,A,A,A,A,A,A,A,A,A,A,A,A,A,A,A,A,A,A,A,A,A,A,A,A,B,B,B,B,B,B,B,B,B,B,B,B,B,B,B,B,B,B,B,B,B,A,A,A,A,A,A,A,A,A,A,A,A,A,A,A,A,A,A,A,A,A,A,A,A,A,A,A,A,A,A,A,A,A,A,A
0.000915546227717592,0.00300224973197752,6.8829173154283e-05,0.00121199964192628,0.0032308426330303,0.000588916723685592,0.00340685392559824,0.00406854045193253,B,B,B,B,B,B,B,B,B,B,B,A,A,A,A,A,A,A,A,A,A,A,B,B,B,B,B,B,B,B,B,B,B,B,A,A,A,A,A,A,A,A,A,A,A,A,A,A,A,A,A,A,A,A,A,A,A,A,A,A,A,A,A,A,A,A,A,A,A,A,A,A,A,A,A,A,A,A,A,A,A,A,A,A,A,A,A,A,B,B,B,B,B,B,B,A,A,A,A,A,A,A,A,A,A,A,A,B,B,A,A,A,A,A,A,A,A,A,A,A,B,B,B,B,B,B,B,B,B,B,B,B,B,A,A,A,A,A,A,A,A,A,A,A
0.00074214340369046,0.00150980661931249,0.000246223442650946,0.00112295133884812,0.00135860408898554,0.00065091894865527,0.0036670031632997,0.00215452900405942,A,A,A,A,B,B,B,B,B,B,B,B,B,B,B,B,B,B,B,B,B,B,A,A,A,A,A,A,A,A,A,A,A,B,B,B,B,B,B,B,B,A,A,A,A,A,A,A,A,A,A,A,A,A,A,A,A,A,A,A,A,A,A,A,A,A,A,A,A,A,A,A,A,A,A,A,A,B,B,A,A,A,A,A,A,A,A,A,A,B,A,A,B,B,B,B,B,B,B,B,B,B,B,B,B,B,B,B,B,B,B,A,A,A,A,A,A,A,A,A,A,A,A,A,A,A,A,A,A,A,A,A,A,A,A,A,A,A,A,A,A,A,A,A
0.00184572832578956,0.00430821360321803,0.000335982236701635,0.00235908090402139,0.00471258757113141,0.00106302528698314,0.0065963681507949,0.00540332297111887,A,A,A,A,A,A,A,A,A,A,A,A,A,A,A,A,A,A,A,A,A,B,B,B,B,B,B,B,B,B,B,B,B,A,B,B,A,A,A,A,A,A,A,A,A,A,A,A,A,A,A,A,A,A,A,A,A,A,A,A,A,A,A,A,A,A,A,A,A,A,A,A,A,A,A,A,A,A,A,B,B,B,A,A,B,B,B,B,B,B,B,B,B,B,B,B,B,B,B,B,B,B,B,B,B,A,A,A,A,B,B,B,A,A,A,A,A,A,A,A,A,A,A,A,A,A,A,A,A,A,A,A,A,A,A,A,A,B,B,B,B,B,B,B
0.00111067479814492,0.00268083954426185,0.000130803227664354,0.00151432152065806,0.00251053038356748,0.00066527024922207,0.00475462457268246,0.00387085524823099,B,B,B,B,B,B,B,B,B,B,B,A,A,A,A,A,A,A,A,A,A,A,A,A,A,A,A,A,A,A,A,A,A,A,B,B,B,B,B,B,B,B,A,A,A,A,A,A,A,A,A,A,A,A,A,A,A,A,A,A,B,B,B,B,B,B,B,A,A,A,A,A,A,A,A,A,A,A,A,A,A,A,A,A,A,A,A,A,A,B,B,B,B,B,B,B,B,B,A,A,B,B,B,A,B,B,B,B,B,A,A,A,A,A,A,A,A,A,A,A,A,A,A,A,A,A,A,A,A,A,A,A,A,A,A,A,A,A,A,B,B,B,B,B
0.000964306332644998,0.00234395186345774,9.81271283295326e-05,0.00142355793128118,0.0020776925091101,0.000398092598544228,0.00408619859380776,0.00338854545058149,A,A,A,A,A,A,A,A,A,A,A,A,A,A,A,A,A,A,A,A,A,A,A,A,A,A,A,A,A,B,B,B,B,B,B,B,B,B,B,B,B,B,B,B,B,A,A,A,A,A,A,A,A,A,A,A,A,A,A,A,A,A,A,A,A,A,A,A,A,A,A,A,B,B,B,B,B,B,B,B,B,B,B,B,B,B,B,A,B,B,B,B,B,B,B,B,B,B,B,B,B,B,B,A,A,A,A,A,A,A,A,A,A,A,A,B,B,B,B,B,B,B,B,B,B,B,B,B,B,B,B,B,A,A,A,A,A,A,A,A,A,A,A,A
0.00184337600289638,0.00547903781450008,0.000372227731030452,0.00225445896855159,0.00578263590083789,0.00102037479975118,0.0058190272406566,0.00677161303974538,B,B,B,B,B,B,B,B,B,B,B,B,B,B,B,B,A,A,A,A,A,A,A,A,A,A,A,B,B,B,B,B,B,B,B,B,B,B,B,B,B,B,B,B,B,B,B,B,B,B,B,B,B,B,B,B,B,B,B,B,B,B,B,B,B,B,B,B,B,B,B,B,B,B,B,B,B,B,B,B,B,B,B,B,B,B,B,B,B,B,A,A,A,A,A,A,A,B,B,B,B,B,B,B,B,B,B,B,B,A,A,A,A,A,A,A,A,A,A,A,A,A,A,A,A,A,A,A,A,A,A,A,A,A,A,B,B,B,B,B,B,A,A,A
0.000952543061557417,0.00211272304727065,0.000156605613180181,0.00128230288747326,0.00195924157845536,0.000719710967849481,0.00416171412552803,0.00306585505212086,A,A,A,B,B,B,B,B,B,B,B,B,B,B,B,B,B,B,B,B,A,A,A,A,A,A,A,A,A,A,A,A,A,A,A,A,A,A,A,A,A,A,A,A,A,A,A,A,A,A,A,A,A,A,A,A,A,A,A,A,B,B,B,B,B,B,B,B,B,B,B,B,B,B,A,A,A,A,A,A,A,A,A,A,A,A,A,A,B,B,B,A,A,A,A,A,A,A,A,A,A,A,A,A,A,A,A,A,A,A,A,A,A,A,A,A,A,A,A,A,B,B,B,B,B,NA,B,B,A,A,A,A,A,A,A,A,A,A,A,A,A,A,A,A
0.000769347818986046,0.00164571616915517,0.000151566747039885,0.00107524584958449,0.0015728122721419,0.000386741391801447,0.0029750799110209,0.00235206429635537,A,B,B,B,B,B,B,A,A,A,A,A,A,A,A,A,A,A,A,A,A,A,A,A,A,A,A,A,B,B,B,A,A,A,A,A,B,B,B,B,B,B,B,B,B,B,B,B,B,B,B,B,B,B,B,B,B,B,B,B,B,A,A,A,A,A,A,A,A,A,A,A,A,A,A,A,A,A,A,B,A,A,A,A,A,A,A,A,A,A,A,A,B,B,B,B,B,B,B,B,B,B,B,B,B,B,A,A,A,A,A,A,A,A,A,A,A,A,A,A,A,A,B,B,B,B,B,A,A,A,A,A,A,A,A,A,A,A,A,B,B,B,B,B
0.00111197763585328,0.00330266306096545,0.000173823126261015,0.00151408704592092,0.00343473154404822,0.000583305118873463,0.00445894221949253,0.00434864094851889,B,B,B,B,B,B,B,B,B,B,B,A,A,A,A,B,B,B,B,B,B,B,B,B,B,B,B,B,B,B,B,B,B,B,B,B,B,B,B,B,B,B,B,B,B,B,B,B,B,B,B,B,B,B,B,B,B,A,A,A,A,A,A,A,A,A,A,A,A,A,A,A,A,A,B,B,B,B,B,B,B,B,B,B,B,B,B,B,A,A,A,A,A,A,A,B,B,B,B,B,B,B,B,B,B,B,B,B,B,B,B,B,B,B,B,B,B,B,B,B,B,B,B,B,B,B,B,B,B,B,B,A,A,A,A,A,A,A,A,A,A,A,A,A
